CustomerID,Recency,Frequency,Monetary,prediction
13973.0,288,1,264.7,0
14452.0,11,2,242.1,1
16596.0,16,2,250.15,1
14473.0,75,2,234.34,1
14768.0,18,2,192.6,1
13956.0,6,5,989.32,2
14285.0,22,4,1893.06,2
17633.0,32,4,1324.8400000000001,2
13918.0,50,2,828.8400000000001,1
18114.0,291,1,178.2,0
17884.0,4,4,685.47,1
16916.0,24,2,548.73,1
13533.0,183,3,269.09,0
13094.0,22,12,1622.0400000000002,2
17267.0,128,2,317.2,1
13121.0,270,1,283.73,0
16656.0,23,15,3124.9999999999995,2
14760.0,298,1,89.2,0
13160.0,23,1,91.8,1
13649.0,257,2,346.6,0
16957.0,240,2,416.64,0
15145.0,5,4,1178.78,2
16212.0,20,2,690.34,1
12550.0,80,1,820.27,1
16858.0,369,1,375.69000000000005,0
13937.0,170,1,158.85,0
13930.0,58,2,337.34000000000003,1
13811.0,184,2,519.75,0
17659.0,18,12,2885.17,2
15311.0,1,91,56413.33999999998,2
14233.0,50,4,1230.72,2
16353.0,4,23,6675.710000000001,2
16600.0,5,6,794.0799999999999,2
15750.0,3,8,2463.05,2
17062.0,314,4,517.37,0
12609.0,79,3,960.29,1
13430.0,19,2,651.25,1
14064.0,30,5,1023.3,2
15898.0,2,5,1367.88,2
14211.0,54,9,2241.1000000000004,2
15372.0,138,1,1498.12,1
13596.0,6,2,664.1099999999999,1
12521.0,143,1,545.68,1
14014.0,78,1,490.29999999999995,1
17879.0,174,1,178.51999999999998,0
13592.0,36,4,231.01,1
17392.0,307,2,365.37,0
18184.0,16,1,49.8,1
13458.0,8,14,9642.010000000002,2
14756.0,16,1,705.6599999999999,1
13846.0,25,3,848.41,1
16800.0,12,1,1137.65,1
17070.0,115,1,304.24,1
12394.0,64,2,629.92,1
17063.0,22,7,1461.14,2
18210.0,2,6,2604.4300000000003,2
14009.0,199,2,695.61,0
13496.0,11,2,653.33,1
12830.0,92,4,1961.12,2
17708.0,188,2,263.33000000000004,0
14660.0,87,2,274.21999999999997,1
17675.0,2,31,20257.579999999998,2
15113.0,10,3,3425.91,2
13871.0,23,13,6403.250000000001,2
16222.0,319,1,757.6,0
13929.0,170,2,842.6500000000001,1
13212.0,20,3,734.9300000000001,1
16539.0,3,4,1388.81,2
15953.0,16,8,1657.2799999999997,2
12600.0,29,10,2311.04,2
15156.0,2,3,961.49,1
16036.0,88,2,728.6800000000001,1
13849.0,52,2,1530.3200000000002,1
17024.0,46,3,95.85,1
16550.0,109,5,2245.98,2
15099.0,85,1,410.48,1
14640.0,25,6,2074.08,2
16573.0,85,2,663.61,1
12856.0,8,6,2167.9,2
15910.0,1,8,1226.0,2
17248.0,121,1,318.65,1
14815.0,37,2,778.5,1
17863.0,60,6,3066.4,2
14171.0,99,1,363.79,1
14353.0,216,1,90.6,0
17400.0,127,5,2080.8900000000003,2
15100.0,334,3,875.9999999999999,0
12775.0,18,5,1264.0900000000001,2
14565.0,96,4,2949.12,2
15428.0,16,1,93.78,1
16265.0,10,9,5019.469999999999,2
15498.0,3,27,13225.240000000002,2
16697.0,242,1,112.75000000000001,0
13435.0,6,7,3746.53,2
17811.0,5,39,7744.68,2
12481.0,23,10,4917.78,2
15996.0,89,6,974.6799999999998,2
12517.0,29,4,2301.6000000000004,2
17634.0,37,9,2358.59,2
12414.0,218,3,442.40999999999997,0
13505.0,73,4,3633.6299999999997,2
18059.0,24,3,306.46000000000004,1
14027.0,61,1,104.82,1
16653.0,17,2,1195.7099999999998,1
16746.0,5,18,6443.890000000001,2
12383.0,185,5,1564.7200000000003,2
15622.0,44,9,3465.1099999999997,2
14886.0,253,1,364.8,0
12585.0,235,2,1653.96,0
15535.0,174,4,502.90000000000003,1
15803.0,52,1,415.82000000000005,1
16818.0,11,11,3267.9400000000005,2
17339.0,95,2,243.36,1
17523.0,12,2,261.99,1
15349.0,159,2,463.91,1
17562.0,15,7,1119.02,2
15829.0,100,2,615.02,1
15981.0,25,8,3408.4800000000005,2
15355.0,30,2,277.05,1
13414.0,134,2,568.5,1
17166.0,39,2,206.34,1
16948.0,139,3,348.62000000000006,1
16193.0,237,1,314.45,0
16945.0,22,19,4327.74,2
14690.0,45,2,355.05,1
16271.0,16,4,1366.8400000000001,2
12616.0,96,2,641.3000000000001,1
15445.0,265,1,113.5,0
15521.0,41,8,2687.35,2
16150.0,43,5,2053.02,2
17514.0,129,1,206.75,1
15253.0,17,5,918.1999999999999,2
15471.0,3,1,454.47999999999996,1
13634.0,34,5,1547.3600000000004,2
17320.0,101,3,1200.6200000000001,1
17031.0,12,2,380.35,1
17193.0,36,7,1498.4199999999998,2
15669.0,41,4,681.46,1
17262.0,53,5,1253.3600000000001,2
12471.0,3,27,17371.7,2
16985.0,18,10,5464.119999999999,2
18196.0,96,2,684.9499999999999,1
15303.0,291,1,542.1200000000001,0
14816.0,198,1,21.85,0
13259.0,62,1,283.18,1
13617.0,41,3,544.1800000000001,1
12639.0,239,1,366.09999999999997,0
13023.0,65,2,599.9000000000001,1
15608.0,29,4,1093.6799999999998,2
18001.0,13,2,398.17999999999995,1
18282.0,8,2,178.05,1
16659.0,190,1,39.12,0
18167.0,24,3,1384.8600000000001,1
12583.0,3,15,6472.289999999999,2
18077.0,9,11,2584.41,2
15584.0,24,4,704.2099999999999,1
17555.0,20,2,477.42999999999995,1
18200.0,107,1,149.96999999999997,1
13809.0,306,1,155.05,0
15705.0,202,1,143.1,0
13515.0,73,4,891.12,1
14529.0,61,3,575.97,1
15411.0,27,4,1344.37,2
12700.0,8,4,4523.110000000001,2
12562.0,9,7,3250.1400000000003,2
14145.0,47,4,3742.2,2
15291.0,26,13,4227.3,2
13629.0,24,11,5715.360000000001,2
16531.0,23,7,1205.8899999999999,2
14805.0,16,4,546.4,1
16402.0,265,2,293.45,0
13603.0,27,1,161.87,1
14934.0,82,2,1873.99,1
17886.0,32,3,835.3799999999999,1
14141.0,3,4,915.1300000000001,2
12365.0,292,1,320.69,0
16201.0,4,4,1858.9099999999999,2
13037.0,139,3,881.0700000000002,1
15402.0,149,2,536.05,1
17358.0,304,2,360.81000000000006,0
14282.0,4,15,3672.7199999999993,2
17211.0,27,8,2258.26,2
13417.0,5,2,640.8299999999999,1
17693.0,138,1,194.71,1
12379.0,82,2,777.24,1
14851.0,24,2,511.34999999999997,1
12437.0,2,18,4447.41,2
18092.0,3,11,7778.26,2
14067.0,64,2,355.75,1
12842.0,71,2,1053.99,1
12802.0,187,1,397.58000000000004,0
16423.0,25,1,346.12,1
13297.0,8,4,2089.8499999999995,2
12673.0,6,2,574.52,1
16581.0,183,1,101.28,0
17737.0,10,2,168.24,1
13384.0,31,7,3686.3500000000004,2
14800.0,48,12,4215.6900000000005,2
13034.0,55,2,642.77,1
14060.0,5,19,5895.620000000001,2
13949.0,3,6,2390.2,2
13842.0,59,9,3228.0699999999997,2
16434.0,30,7,1511.8,2
16127.0,40,1,656.2499999999999,1
17765.0,159,3,367.63,1
16365.0,18,9,1506.52,2
17764.0,51,2,754.88,1
17502.0,10,4,689.1,1
13083.0,5,2,286.8,1
17949.0,8,16,8961.869999999999,2
16779.0,3,22,10611.720000000001,2
16814.0,15,21,6416.699999999999,2
13808.0,6,5,1683.1999999999998,2
13471.0,2,4,2467.9400000000005,2
13081.0,12,11,28197.080000000005,2
13995.0,16,5,1393.69,2
13899.0,17,2,388.52,1
14972.0,129,1,114.77,1
15690.0,5,2,226.07999999999998,1
16473.0,165,3,316.11,1
14710.0,15,4,598.88,1
18219.0,3,10,1994.77,2
14397.0,3,19,2509.2799999999997,2
16156.0,9,9,3028.2400000000002,2
13369.0,366,1,258.28000000000003,0
16033.0,6,20,8668.36,2
13183.0,8,9,3957.78,2
13856.0,169,3,294.9,0
17870.0,3,11,1516.12,2
12637.0,68,8,5715.05,2
15125.0,26,15,10756.84,2
17595.0,13,2,386.69000000000005,1
16477.0,64,7,2494.46,2
17311.0,79,2,1190.0,1
12461.0,155,1,622.3199999999999,1
14093.0,13,1,427.02000000000004,1
16620.0,4,2,178.95999999999998,1
13089.0,3,94,55346.350000000006,2
16170.0,51,6,1801.54,2
12854.0,79,3,1316.25,1
14585.0,51,1,157.04999999999998,1
15230.0,240,2,429.6,0
17218.0,5,10,1951.97,2
16509.0,297,1,346.75,0
13040.0,9,2,676.99,1
14121.0,4,4,2695.5,2
17442.0,37,6,2216.66,2
15339.0,67,2,561.91,1
13403.0,18,1,75.0,1
13368.0,257,2,539.5,0
16354.0,64,2,395.8,1
14082.0,365,1,182.25,0
16497.0,50,6,2897.8900000000003,2
17569.0,333,1,344.14000000000004,0
13720.0,117,4,705.7,1
17686.0,8,7,5705.560000000001,2
13301.0,104,4,617.61,1
14655.0,9,4,1932.23,2
16015.0,4,3,685.51,1
15671.0,19,7,2585.3700000000003,2
13931.0,96,2,1237.53,1
17158.0,33,3,1266.97,1
17418.0,43,2,458.9,1
17855.0,373,1,208.97,0
17858.0,6,10,3426.76,2
16332.0,29,7,1582.6799999999998,2
14493.0,8,5,2343.29,2
12421.0,16,4,639.04,1
14342.0,22,4,668.56,1
14257.0,65,5,2814.17,2
14491.0,176,2,340.92999999999995,0
13767.0,3,37,15389.960000000003,2
17930.0,36,5,1394.88,2
17204.0,176,4,1462.8600000000001,2
17313.0,32,1,2328.84,1
13485.0,234,1,454.24,0
14801.0,62,1,187.67000000000002,1
14000.0,212,1,500.29999999999995,0
17232.0,3,2,417.77,1
14184.0,67,1,452.88999999999993,1
17703.0,36,3,798.74,1
14386.0,297,1,142.4,0
15463.0,30,1,119.3,1
16105.0,249,1,336.96000000000004,0
15261.0,136,1,245.7,1
15424.0,255,2,318.29999999999995,0
14865.0,8,2,43.08,1
14140.0,4,2,925.9300000000001,1
12726.0,29,7,2374.62,2
15865.0,41,3,794.98,1
15277.0,47,1,255.9,1
16728.0,47,4,1042.58,2
14297.0,18,4,1305.33,2
17760.0,22,2,287.59000000000003,1
14856.0,37,3,1290.53,1
12380.0,22,4,2278.11,2
17468.0,11,2,137.0,1
16140.0,66,2,542.3000000000001,1
15615.0,11,23,10399.74,2
15238.0,30,3,933.31,1
13048.0,15,4,1819.4099999999999,2
12722.0,86,4,907.27,1
16528.0,4,1,244.41000000000003,1
15618.0,33,4,776.85,1
16241.0,10,13,2585.37,2
16654.0,142,4,562.81,1
13890.0,2,10,1883.81,2
17469.0,17,5,1870.97,2
14720.0,6,3,612.96,1
17061.0,74,11,5216.28,2
12984.0,19,1,97.5,1
13298.0,2,1,360.0,1
17747.0,113,1,71.4,1
13340.0,46,7,9522.240000000002,2
17936.0,6,1,380.13,1
16869.0,23,4,800.2199999999999,1
12536.0,60,1,4077.02,1
16682.0,5,5,958.8799999999999,2
14639.0,53,6,2848.8900000000003,2
15716.0,146,4,1101.1100000000001,1
12567.0,23,10,8205.130000000001,2
16776.0,61,1,368.5,1
12923.0,65,1,172.82000000000002,1
14735.0,4,31,6050.689999999999,2
17282.0,131,3,1040.23,1
14631.0,51,3,1002.42,1
12849.0,32,2,1010.29,1
14101.0,74,6,2885.99,2
12638.0,34,1,511.69,1
14548.0,151,2,652.8,1
13247.0,18,4,501.12,1
14878.0,13,9,1476.09,2
17579.0,5,3,448.9,1
16607.0,18,13,2776.43,2
14409.0,72,6,1901.1000000000001,2
15434.0,9,5,1041.4800000000002,2
15861.0,13,7,2966.38,2
15292.0,202,1,162.44,0
13523.0,34,5,3452.4300000000003,2
14146.0,9,5,4089.2999999999993,2
16804.0,24,3,536.99,1
16701.0,9,13,5029.9,2
15969.0,3,3,582.9,1
15581.0,157,10,717.43,2
14947.0,73,2,275.82,1
16943.0,212,3,800.7800000000001,0
13138.0,23,6,962.3900000000001,2
17371.0,18,3,418.40000000000003,1
12834.0,283,1,312.38000000000005,0
14434.0,22,6,1372.7999999999997,2
15739.0,67,1,343.52,1
14341.0,46,8,2162.42,2
17836.0,48,1,110.21000000000001,1
17361.0,50,3,488.2,1
15227.0,37,5,1083.8,2
13486.0,79,3,1117.85,1
18073.0,115,12,2069.9,2
15764.0,89,6,3101.22,2
17905.0,157,3,597.79,1
17430.0,33,2,261.20000000000005,1
17301.0,22,1,161.91000000000003,1
14501.0,184,2,251.21,0
13837.0,212,2,266.59000000000003,0
13599.0,2,21,5020.950000000001,2
13224.0,61,2,2100.2700000000004,1
13001.0,5,13,8693.85,2
12668.0,12,4,3163.4700000000003,2
12948.0,17,7,2064.9500000000003,2
14757.0,76,1,420.5,1
17561.0,20,1,163.79000000000002,1
16982.0,61,1,384.06,1
17432.0,19,2,365.76,1
17802.0,83,3,1285.0400000000002,1
12957.0,10,8,3997.71,2
18040.0,20,2,357.2,1
12701.0,80,2,683.8900000000001,1
17924.0,12,7,2962.5,2
12823.0,75,5,1759.5,2
16928.0,81,17,2782.8,2
17420.0,51,3,546.98,1
18171.0,59,5,1164.5099999999998,2
17422.0,17,6,1881.29,2
15133.0,128,3,966.3400000000001,1
14019.0,47,3,1369.77,1
12624.0,107,2,569.13,1
15925.0,195,1,207.15,0
17692.0,128,4,733.5,1
14870.0,262,1,327.25,0
12794.0,54,2,857.53,1
17725.0,17,11,3413.31,2
14560.0,8,21,2136.9700000000003,2
12920.0,18,1,128.88,1
17362.0,240,2,276.28,0
14385.0,10,3,202.11,1
13845.0,65,1,312.98,1
13815.0,23,4,3487.08,2
17871.0,205,1,147.26,0
14288.0,214,1,426.59999999999997,0
13262.0,264,1,200.29,0
12867.0,27,7,4009.34,2
12685.0,29,6,2561.3999999999996,2
13882.0,3,5,1067.6000000000001,2
17969.0,167,2,228.2,0
15061.0,4,47,37032.380000000005,2
15906.0,20,7,1550.74,2
14217.0,2,17,1969.0800000000002,2
16626.0,1,16,3733.1999999999994,2
18202.0,200,3,1363.0900000000001,0
16103.0,8,6,1429.64,2
14496.0,312,2,538.8100000000001,0
15676.0,19,3,3304.89,2
12488.0,10,3,1070.6,1
18249.0,18,1,81.66,1
15050.0,26,3,1724.1999999999998,2
15942.0,134,1,337.44,1
15270.0,16,7,1436.69,2
16714.0,318,2,864.06,0
17912.0,311,5,310.06,0
16770.0,58,5,717.1500000000001,2
13754.0,152,2,282.6,1
15639.0,135,1,391.42,1
13963.0,309,4,664.5400000000001,0
14502.0,20,11,2380.95,2
17312.0,139,3,644.3,1
13146.0,27,1,228.91,1
15421.0,59,4,950.3600000000001,1
15111.0,30,3,1564.6000000000001,2
15899.0,369,1,56.25,0
14601.0,11,1,213.96000000000004,1
18274.0,31,1,175.92,1
16024.0,13,1,238.43000000000006,1
14286.0,24,3,4628.75,2
15855.0,137,5,712.2399999999999,1
13782.0,13,6,908.8600000000001,2
13662.0,86,3,813.46,1
14859.0,13,4,1336.79,2
13268.0,18,11,3087.72,2
16303.0,26,3,5191.13,2
15030.0,72,2,518.28,1
18283.0,4,16,2029.5800000000004,2
17806.0,12,1,527.8,1
15314.0,200,1,325.69,0
14738.0,43,7,1289.9399999999998,2
16899.0,8,6,1271.06,2
16642.0,5,2,681.49,1
14898.0,24,6,1034.97,2
13742.0,17,12,2974.27,2
14530.0,26,6,2713.41,2
13527.0,34,7,2209.33,2
17937.0,9,7,4301.22,2
17323.0,16,7,905.3800000000001,2
17457.0,127,4,1370.5,2
17082.0,34,2,1735.61,1
13904.0,38,2,332.64,1
15127.0,66,1,406.53,1
14844.0,64,4,2831.8100000000004,2
14937.0,57,3,1621.88,2
15523.0,85,1,412.01,1
15795.0,150,1,552.3199999999999,1
16409.0,37,5,2022.98,2
17931.0,135,2,408.36,1
14772.0,113,1,139.26,1
13972.0,71,2,185.5,1
14682.0,188,2,52.0,0
14102.0,6,5,1105.8799999999999,2
16809.0,24,5,914.69,2
12454.0,57,1,2500.8399999999997,1
17580.0,253,3,215.72,0
18034.0,22,2,411.21,1
14413.0,363,1,121.05000000000001,0
12408.0,33,5,2511.09,2
15504.0,82,1,52.83,1
12498.0,22,3,349.7,1
16808.0,100,2,288.42,1
16952.0,110,2,167.60999999999999,1
16989.0,8,6,503.25,2
17616.0,174,2,244.79999999999998,0
13079.0,5,5,220.10000000000002,1
16998.0,150,4,295.0,1
16766.0,274,2,1145.6,0
13948.0,361,1,102.0,0
15827.0,74,14,1836.0900000000001,2
15987.0,13,6,1079.43,2
17365.0,13,8,4674.49,2
13806.0,64,1,256.38,1
16892.0,2,5,451.24,1
12836.0,60,4,2440.86,2
16669.0,24,2,1332.96,1
16279.0,22,3,1502.7800000000002,2
14125.0,11,3,2661.7300000000005,2
14621.0,2,5,1737.51,2
13261.0,269,2,944.1,0
14292.0,8,9,4838.030000000001,2
17146.0,106,3,579.7800000000001,1
12526.0,1,3,1172.6599999999999,1
13989.0,66,2,1029.92,1
15939.0,90,13,5045.210000000001,2
15410.0,85,8,3450.84,2
16175.0,95,4,1037.5900000000001,1
13035.0,74,2,921.88,1
14525.0,20,9,4098.89,2
16203.0,59,4,592.9,1
14723.0,11,6,1099.35,2
15450.0,31,1,429.84000000000003,1
16904.0,5,15,3573.85,2
16066.0,17,5,1412.8000000000002,2
15134.0,15,8,1369.75,2
14403.0,131,4,1475.81,2
16230.0,190,2,542.03,0
13147.0,11,4,712.8000000000001,1
14291.0,2,11,3851.3500000000004,2
17444.0,152,2,2326.12,1
14584.0,170,4,967.9300000000001,1
14031.0,8,17,12308.78,2
14287.0,9,2,159.35,1
14820.0,22,4,507.29,1
14903.0,22,5,2733.01,2
16224.0,58,4,1282.5,2
14416.0,23,2,490.22,1
13059.0,250,1,183.4,0
16099.0,51,3,731.9000000000001,1
15252.0,37,2,740.78,1
17663.0,26,7,1726.0099999999998,2
14470.0,12,2,411.19000000000005,1
12902.0,265,1,104.78,0
13500.0,24,3,1166.77,1
13576.0,11,18,6678.880000000001,2
14794.0,3,6,1227.5,2
14110.0,4,12,5683.15,2
14419.0,11,6,1051.79,2
14080.0,33,1,45.599999999999994,1
14960.0,9,2,221.26999999999998,1
14240.0,31,2,890.3400000000001,1
13198.0,11,6,3313.9,2
15762.0,66,2,549.85,1
14451.0,61,2,643.9000000000001,1
16519.0,26,2,215.07999999999998,1
12754.0,236,3,427.38,0
18095.0,313,2,580.05,0
12640.0,24,3,960.6799999999998,1
12753.0,23,6,20649.870000000003,2
12994.0,5,3,974.42,1
15058.0,26,11,2032.74,2
12484.0,36,4,3934.76,2
17107.0,34,6,10401.66,2
16711.0,4,5,1620.79,2
15214.0,2,8,1656.69,2
14623.0,33,5,885.02,2
15181.0,67,3,689.48,1
15107.0,312,6,319.5,0
17114.0,6,8,784.1700000000001,2
17696.0,39,8,2285.7100000000005,2
14868.0,4,8,2937.64,2
13959.0,80,3,594.04,1
17348.0,15,5,1131.97,2
16369.0,19,3,1545.03,2
13408.0,2,62,26409.079999999994,2
16395.0,61,5,1460.78,2
14375.0,186,1,229.48000000000002,0
17630.0,170,2,431.74999999999994,0
12798.0,171,1,69.12,0
13313.0,23,5,1555.32,2
13230.0,5,14,2631.7,2
17590.0,3,3,1419.45,2
14432.0,10,6,2210.76,2
16235.0,41,5,827.41,2
14978.0,73,5,1921.37,2
14837.0,90,4,1636.3000000000002,2
17047.0,86,3,1100.9,1
13462.0,253,1,151.5,0
15334.0,157,3,350.82000000000005,1
16379.0,5,4,2157.4,2
13726.0,39,2,1059.02,1
13761.0,51,2,1070.6499999999999,1
12457.0,67,6,1907.63,2
16872.0,78,3,148.83,1
12955.0,2,11,4742.76,2
15150.0,18,10,5227.48,2
17581.0,1,24,10601.34,2
13647.0,10,4,1648.1200000000001,2
15628.0,5,9,2870.2400000000007,2
13184.0,15,10,1622.3500000000004,2
14866.0,11,10,9371.34,2
17205.0,54,1,251.6,1
14651.0,68,2,599.0,1
12651.0,335,1,114.0,0
15918.0,191,2,334.23,0
14520.0,2,2,270.6,1
16880.0,31,7,1491.4300000000003,2
13694.0,4,48,40716.219999999994,2
12435.0,80,2,7120.450000000001,2
16147.0,134,1,375.0,1
18037.0,155,6,50.07,0
16422.0,18,50,25042.12,2
13082.0,127,9,1963.96,2
12458.0,72,2,787.4000000000001,1
14377.0,192,2,561.1500000000001,0
17829.0,299,1,889.2399999999999,0
14924.0,246,1,185.05,0
12603.0,22,1,613.1999999999999,1
17652.0,26,12,4795.210000000001,2
12881.0,276,1,103.0,0
16143.0,4,6,2174.9399999999996,2
16516.0,31,1,101.69999999999999,1
15570.0,8,12,4052.03,2
12518.0,1,5,1840.8899999999999,2
14305.0,72,3,1839.4,2
15916.0,17,8,1478.5300000000002,2
12912.0,3,5,1662.3000000000002,2
12710.0,97,3,1023.0200000000001,1
13708.0,272,1,285.33,0
15400.0,93,5,716.2,1
17173.0,6,8,3766.6000000000004,2
12999.0,197,3,455.88,0
12939.0,65,8,5921.52,2
15679.0,25,4,739.9000000000001,1
15379.0,170,7,3684.17,2
15007.0,160,1,156.91,0
13162.0,123,4,1660.9299999999998,2
14057.0,24,16,5825.0199999999995,2
14159.0,20,11,4537.049999999999,2
18094.0,82,6,2384.3,2
15021.0,9,9,1845.78,2
12506.0,233,1,73.5,0
12743.0,135,2,522.99,1
12831.0,263,1,215.05,0
17334.0,303,2,307.02000000000004,0
12845.0,268,3,145.29,0
17534.0,54,1,223.35999999999999,1
16866.0,141,3,207.73999999999998,1
13880.0,22,13,3185.87,2
16284.0,32,2,812.68,1
18179.0,10,6,1732.69,2
17265.0,139,2,549.6300000000001,1
13807.0,368,1,112.6,0
17908.0,374,1,229.14999999999998,0
14234.0,23,4,741.81,1
13656.0,165,2,356.61,0
14740.0,198,3,1380.4099999999999,0
15673.0,89,4,2692.33,2
16287.0,170,1,125.22,0
17572.0,72,4,226.75000000000003,1
14562.0,4,18,4926.87,2
15601.0,12,14,6762.000000000002,2
16316.0,65,8,2316.69,2
17935.0,139,2,145.79,1
15804.0,1,13,3906.6499999999996,2
17625.0,19,4,2014.64,2
14716.0,44,2,264.19,1
14569.0,2,1,227.39000000000001,1
17724.0,72,3,1033.0,1
14709.0,16,13,4921.04,2
17463.0,17,5,1859.2100000000003,2
16552.0,243,2,379.73,0
16523.0,2,21,9332.43,2
18116.0,68,8,1399.0300000000002,2
15986.0,31,1,168.11999999999998,1
17426.0,9,6,4661.96,2
16764.0,4,13,2790.9500000000003,2
16172.0,96,5,1140.21,2
17126.0,153,5,968.21,2
14346.0,121,2,932.02,1
13032.0,53,2,1010.1800000000001,1
16933.0,2,2,562.87,1
12827.0,6,3,430.15,1
12882.0,10,2,1463.04,1
17075.0,18,4,814.1700000000001,1
15483.0,162,4,207.39000000000001,1
15508.0,190,6,1000.27,2
16960.0,39,3,507.05,1
18161.0,16,5,1618.69,2
13876.0,64,1,122.69999999999999,1
12500.0,50,9,2072.0299999999997,2
16363.0,54,1,109.36000000000001,1
16245.0,24,3,1359.4699999999998,1
14373.0,359,1,51.599999999999994,0
12381.0,5,5,1485.31,2
14030.0,19,8,1782.19,2
13341.0,261,1,758.9000000000001,0
17230.0,265,8,3621.4599999999996,2
12877.0,4,12,1522.3399999999997,2
15018.0,39,3,428.76,1
14462.0,67,11,1961.7299999999998,2
16657.0,10,4,858.1100000000001,1
16115.0,10,8,1660.88,2
15955.0,25,14,4416.259999999999,2
15933.0,22,3,1102.9,1
16261.0,18,4,712.5900000000001,1
17491.0,2,10,3185.79,2
14995.0,39,2,231.98000000000002,1
18183.0,228,2,632.07,0
16690.0,73,2,208.63,1
14554.0,11,4,2254.54,2
14608.0,5,4,1785.15,2
16949.0,4,6,758.3899999999999,2
13579.0,15,2,467.0400000000001,1
13787.0,76,2,284.15000000000003,1
13078.0,4,26,11509.100000000002,2
16479.0,11,2,300.83,1
15907.0,4,3,875.6200000000001,1
15640.0,5,15,11884.9,2
14227.0,27,10,3350.96,2
15164.0,69,3,824.5799999999999,1
16463.0,22,4,1413.04,2
15517.0,234,1,265.34999999999997,0
12507.0,135,3,434.40999999999997,1
13140.0,109,3,422.47,1
15812.0,108,5,1611.33,2
16008.0,24,3,478.78,1
12915.0,149,2,363.65,1
13050.0,15,17,5774.11,2
12936.0,18,4,1063.9,2
17290.0,4,2,501.49000000000007,1
17377.0,24,20,4058.3199999999997,2
15727.0,17,7,4659.06,2
14071.0,4,8,1400.4599999999998,2
17069.0,29,9,2692.75,2
17376.0,71,2,203.2,1
16462.0,74,3,136.0,1
15787.0,27,3,931.17,1
14653.0,2,7,1924.3700000000001,2
17164.0,33,7,2451.3999999999996,2
18108.0,255,1,271.0,0
18213.0,237,1,232.48,0
15219.0,177,1,305.75,0
17388.0,78,2,151.18,1
13098.0,2,28,27242.899999999994,2
18241.0,10,17,2073.09,2
15998.0,37,5,3029.37,2
16745.0,87,17,7120.219999999999,2
17795.0,180,2,319.04,0
15533.0,20,3,771.0999999999999,1
15408.0,265,1,234.28,0
17685.0,17,7,3148.99,2
14107.0,52,7,2703.23,2
17109.0,30,6,879.3899999999999,2
13470.0,100,2,165.0,1
17835.0,3,3,342.24,1
14020.0,17,2,642.8,1
13282.0,19,3,1132.14,1
15220.0,52,6,1748.96,2
13118.0,20,5,1172.81,2
13299.0,269,1,142.5,0
13631.0,100,11,3070.42,2
16984.0,89,2,4373.82,2
17133.0,16,6,2516.2400000000002,2
16652.0,59,7,6258.450000000001,2
15882.0,199,4,514.0799999999999,0
12684.0,8,6,2017.23,2
15033.0,5,10,2509.33,2
13043.0,274,1,516.4200000000001,0
13030.0,12,2,695.8900000000001,1
15965.0,18,4,808.87,1
15381.0,269,1,282.3,0
14472.0,104,8,1784.87,2
14647.0,202,1,236.04,0
14139.0,47,1,415.82,1
15528.0,255,1,229.33,0
13951.0,177,3,651.65,1
13189.0,19,2,222.59999999999997,1
13960.0,22,2,230.22,1
16545.0,165,1,339.3,0
13969.0,8,18,8709.75,2
14696.0,5,7,2069.61,2
14180.0,11,25,4170.67,2
12757.0,16,8,3995.83,2
16771.0,34,5,2242.6099999999997,2
13103.0,40,1,243.94,1
12812.0,45,1,229.64,1
16807.0,143,3,1106.5900000000001,1
13365.0,34,2,2157.5699999999997,1
12434.0,85,2,806.14,1
17460.0,95,6,622.4300000000001,2
13831.0,17,6,1872.05,2
12947.0,144,6,1430.01,2
13090.0,9,13,8744.27,2
17920.0,5,17,3869.0299999999997,2
15319.0,284,1,204.5,0
12971.0,4,86,10330.639999999998,2
16877.0,13,6,825.3000000000001,2
17084.0,36,2,2747.99,2
16123.0,52,1,307.78,1
12785.0,365,1,239.0,0
15129.0,51,11,3326.7700000000004,2
14390.0,11,9,4591.1,2
16882.0,67,3,705.12,1
17827.0,6,5,1987.1399999999999,2
13826.0,177,1,189.50000000000003,0
15066.0,54,1,893.59,1
15415.0,314,1,559.61,0
15543.0,289,1,127.86,0
16848.0,53,1,281.41999999999996,1
16083.0,101,2,1308.5,1
14916.0,71,4,1253.02,2
16668.0,16,6,306.71999999999997,1
14744.0,17,7,1084.9799999999998,2
13690.0,60,1,172.25,1
18261.0,44,2,324.24,1
16185.0,17,2,529.41,1
14796.0,2,17,7966.630000000001,2
12360.0,53,3,2200.3599999999997,2
17512.0,29,9,2073.9500000000003,2
17682.0,11,6,2458.38,2
14364.0,109,8,3712.7900000000004,2
15344.0,1,3,563.94,1
18193.0,166,1,243.76000000000002,0
14245.0,220,2,1693.4499999999998,0
17297.0,18,1,127.8,1
17646.0,220,3,1008.3900000000001,0
15187.0,2,15,4697.379999999999,2
17237.0,12,2,314.69,1
14699.0,215,1,109.13000000000001,0
16681.0,73,6,1770.34,2
13220.0,79,4,819.2900000000001,1
14299.0,9,9,3814.0899999999997,2
14229.0,52,3,1547.1999999999998,2
16715.0,79,1,199.71999999999997,1
12564.0,262,1,352.05000000000007,0
12652.0,332,1,793.98,0
13265.0,54,5,1822.7600000000002,2
15712.0,10,5,1072.3600000000001,2
13028.0,23,2,661.3199999999999,1
15374.0,129,1,168.0,1
15043.0,32,1,537.0,1
17213.0,41,7,2741.2800000000007,2
14704.0,20,7,1460.73,2
14116.0,20,5,1382.74,2
16511.0,22,3,918.33,1
15980.0,89,3,2295.18,2
13134.0,86,4,1793.58,2
12906.0,12,5,2784.13,2
17338.0,18,8,6490.42,2
13630.0,6,7,1879.1399999999999,2
12594.0,38,9,3208.2200000000003,2
16734.0,53,3,614.8599999999999,1
17410.0,17,5,1176.2600000000002,2
12679.0,59,4,951.0200000000001,1
18164.0,38,1,399.65,1
15974.0,40,7,3423.0299999999997,2
14298.0,9,42,46752.399999999994,2
17961.0,22,39,1135.6499999999999,2
14762.0,264,1,300.52,0
15121.0,51,2,416.07000000000005,1
17490.0,1,7,2092.3199999999997,2
15976.0,166,2,427.64000000000004,0
17083.0,110,3,1405.7800000000002,1
17797.0,23,3,780.43,1
13226.0,274,1,108.21000000000001,0
15713.0,144,2,356.70000000000005,1
16793.0,58,1,243.83999999999997,1
12735.0,316,2,673.62,0
15306.0,65,3,1174.35,1
17367.0,239,1,167.54999999999998,0
15024.0,10,10,1636.4299999999998,2
17068.0,13,21,4552.14,2
14401.0,5,13,3897.2800000000007,2
14766.0,9,6,2467.6099999999997,2
18221.0,23,5,1041.6100000000001,2
17609.0,41,5,1060.04,2
12642.0,26,3,888.3100000000002,1
15522.0,33,2,397.87,1
14329.0,18,7,4834.96,2
16037.0,270,3,715.22,0
18044.0,5,10,1986.8999999999999,2
16049.0,41,3,1071.5900000000001,1
17159.0,22,3,1536.0000000000002,2
14841.0,54,6,3291.2,2
14055.0,107,1,725.6400000000001,1
15152.0,10,13,4742.33,2
16020.0,17,3,851.01,1
15449.0,27,3,974.5200000000001,1
17934.0,52,2,687.3,1
15256.0,149,1,98.45,0
12412.0,75,3,1142.8799999999999,1
16750.0,45,5,583.98,1
15730.0,66,3,1120.88,1
14799.0,52,1,151.94,1
15505.0,53,5,3594.4,2
16145.0,9,11,3689.45,2
14132.0,3,11,3556.39,2
16722.0,18,13,4584.530000000001,2
15228.0,67,4,3318.9099999999994,2
16366.0,19,1,327.3,1
15114.0,31,10,2751.44,2
15023.0,4,11,6379.609999999999,2
13499.0,18,5,1038.63,2
14047.0,9,5,1308.61,2
15175.0,72,1,205.05999999999997,1
15563.0,23,4,1380.2800000000002,2
13682.0,188,1,59.5,0
12604.0,80,2,236.18,1
16931.0,6,21,4526.92,2
13203.0,10,4,822.6700000000001,1
14667.0,11,25,9093.85,2
14388.0,11,8,3207.08,2
13822.0,6,2,608.96,1
16735.0,79,5,2247.41,2
13013.0,2,13,4810.9400000000005,2
13354.0,72,1,743.5300000000001,1
16367.0,38,2,782.57,1
14362.0,23,1,150.35999999999999,1
17459.0,44,2,652.5500000000001,1
17162.0,29,10,1715.46,2
17790.0,27,14,1947.3500000000004,2
15333.0,209,1,1028.56,0
13362.0,10,4,3086.1800000000003,2
16706.0,38,3,477.59999999999997,1
16416.0,27,3,1011.5,1
13046.0,31,2,544.3100000000001,1
17749.0,179,2,642.62,0
14789.0,29,1,197.64000000000001,1
14538.0,65,2,388.25,1
13207.0,16,2,250.26,1
13892.0,27,4,513.5699999999999,1
17480.0,78,1,511.82,1
17611.0,8,15,3961.12,2
16146.0,158,3,734.13,1
12674.0,39,4,1837.76,2
12413.0,67,3,656.15,1
16618.0,32,4,2528.9399999999996,2
16389.0,54,4,1309.47,2
13953.0,8,2,265.67999999999995,1
16385.0,61,3,554.48,1
15599.0,27,2,761.74,1
17007.0,51,6,872.98,2
17991.0,226,2,93.35000000000001,0
16940.0,53,3,3019.73,2
13394.0,2,8,2471.9700000000003,2
16326.0,6,14,3003.2699999999995,2
14050.0,32,2,741.8000000000001,1
14062.0,10,12,10139.65,2
12508.0,27,2,395.97999999999996,1
14691.0,31,5,2114.33,2
16372.0,34,2,355.73,1
17735.0,3,19,13085.830000000002,2
16258.0,46,5,4800.3099999999995,2
13717.0,33,6,1342.0700000000002,2
16999.0,24,2,484.82,1
17295.0,29,3,547.0,1
17317.0,47,2,1443.6,1
13911.0,58,9,2252.11,2
12790.0,193,1,294.92,0
15275.0,38,1,610.5799999999999,1
16660.0,17,4,1267.6499999999999,2
15300.0,65,1,496.44000000000005,1
12425.0,79,1,777.2,1
12709.0,16,15,9400.52,2
17483.0,66,3,414.0400000000001,1
14311.0,243,1,310.26,0
14739.0,5,7,3132.84,2
14104.0,166,1,76.69,0
13736.0,6,2,659.4200000000001,1
17887.0,130,1,71.45,0
16835.0,129,2,180.85000000000002,1
17135.0,17,5,956.05,2
14113.0,4,4,1840.42,2
13571.0,13,12,2057.21,2
12766.0,4,7,6457.629999999999,2
15009.0,13,3,1240.31,1
13838.0,6,4,674.8199999999999,1
13489.0,106,3,291.12,1
17052.0,29,1,399.09,1
17037.0,88,1,1267.3200000000002,1
13145.0,40,3,323.52000000000004,1
14040.0,41,12,3560.3199999999997,2
14659.0,9,9,2529.93,2
14541.0,59,8,1453.35,2
14443.0,54,4,1384.25,2
15514.0,13,11,3274.2000000000007,2
17071.0,29,9,2429.03,2
17219.0,32,1,114.22999999999999,1
16483.0,193,1,123.39999999999999,0
15376.0,41,3,1199.61,1
17619.0,313,1,214.36999999999998,0
16010.0,246,3,392.4,0
15172.0,9,5,1581.69,2
14607.0,16,12,9396.54,2
17890.0,323,2,586.8900000000001,0
17608.0,34,2,189.52,1
12708.0,30,10,2379.11,2
16188.0,45,4,968.1799999999998,2
15281.0,59,9,2327.59,2
17414.0,185,1,28.0,0
14765.0,30,3,254.11,1
16837.0,32,11,3126.67,2
12717.0,152,2,786.47,1
17817.0,5,2,192.68,1
15071.0,94,2,982.07,1
13884.0,8,5,787.5999999999999,2
17892.0,57,3,244.09999999999997,1
12930.0,79,2,415.8,1
16834.0,228,1,413.46,0
17621.0,22,3,1379.9,1
17651.0,12,10,3874.04,2
12716.0,4,2,949.8100000000001,1
16549.0,11,10,4034.2999999999997,2
13735.0,25,4,2818.74,2
17408.0,164,1,32.65,0
14775.0,59,3,1005.0599999999997,1
16782.0,11,13,2267.95,2
12552.0,40,1,317.82000000000005,1
17837.0,43,8,1476.43,2
16525.0,3,26,10327.75,2
15993.0,9,7,2771.4,2
14336.0,17,4,1601.11,2
13614.0,25,4,1380.06,2
14448.0,10,2,375.35,1
16444.0,47,4,636.58,1
16893.0,367,1,145.93,0
14289.0,9,6,911.26,2
12407.0,50,5,1417.2,2
15894.0,254,2,258.25,0
15221.0,367,1,264.6,0
16445.0,34,1,230.51000000000005,1
13755.0,4,9,2022.0900000000001,2
13870.0,3,8,2737.04,2
14700.0,33,3,2195.1000000000004,2
12647.0,23,12,3064.0199999999995,2
14730.0,2,8,1780.8399999999997,2
17498.0,76,1,235.74,1
13548.0,97,2,668.44,1
14968.0,31,1,146.69,1
15239.0,11,2,780.5899999999999,1
13565.0,20,2,240.21999999999997,1
16953.0,31,1,20.8,1
13319.0,6,26,10709.95,2
12635.0,90,2,1494.8600000000001,1
13626.0,253,1,257.23,0
15117.0,15,5,1183.1299999999999,2
17677.0,2,29,16240.800000000001,2
14976.0,58,6,775.86,2
14096.0,5,17,47835.36999999998,2
16225.0,45,5,1096.32,2
12464.0,11,8,855.3499999999999,2
16644.0,178,2,833.7800000000001,1
16370.0,83,4,1182.12,2
12691.0,29,5,927.8,2
14684.0,26,5,1195.43,2
15088.0,22,2,1075.0700000000002,1
17788.0,74,2,1117.9,1
16276.0,177,1,277.8,0
17986.0,57,1,20.8,1
14907.0,4,7,3337.6000000000004,2
15782.0,10,3,2198.1200000000003,2
12577.0,36,3,625.88,1
13068.0,11,2,344.0,1
12428.0,26,8,6361.039999999999,2
13276.0,64,2,590.9300000000001,1
17440.0,157,3,186.42,0
17849.0,219,4,326.15000000000003,0
14732.0,9,8,2676.42,2
17022.0,32,1,71.0,1
14162.0,174,2,289.36,0
16102.0,43,3,1842.1399999999999,2
16926.0,372,1,230.25,0
17629.0,6,8,1745.31,2
17329.0,15,2,523.11,1
15636.0,90,2,724.7600000000001,1
15709.0,284,1,133.25,0
12980.0,177,7,1435.6799999999998,2
16873.0,5,6,6680.02,2
12456.0,45,3,2576.48,2
18129.0,244,1,112.54999999999998,0
12649.0,108,3,554.0299999999999,1
15105.0,19,7,2298.9300000000003,2
14054.0,66,1,92.46000000000001,1
16157.0,16,3,656.69,1
16153.0,50,5,1824.23,2
15805.0,24,17,5425.93,2
13075.0,130,1,919.6099999999999,1
17245.0,205,1,171.45,0
12592.0,93,2,401.6,1
13917.0,50,2,265.20000000000005,1
13136.0,57,5,2607.61,2
17566.0,9,2,869.77,1
13113.0,1,24,10545.960000000003,2
15263.0,107,1,156.51,1
13824.0,33,5,1698.94,2
17758.0,20,8,3385.41,2
16624.0,81,2,794.62,1
17152.0,195,3,1689.5,1
14904.0,3,2,807.1599999999999,1
13681.0,18,4,827.8299999999999,1
14428.0,8,5,1199.06,2
16313.0,4,2,274.15000000000003,1
14798.0,53,3,173.74,1
15083.0,257,1,88.2,0
14441.0,1,4,1696.24,2
15574.0,178,4,674.44,1
15937.0,65,1,145.35,1
16079.0,17,3,943.9999999999999,1
15022.0,12,3,807.66,1
14975.0,58,1,279.94,1
13273.0,114,1,138.98000000000002,1
15885.0,94,1,349.35,1
13790.0,5,1,330.55999999999995,1
16658.0,369,1,123.24,0
18121.0,150,2,653.3,1
15205.0,86,2,619.34,1
17888.0,39,7,625.8600000000001,2
17243.0,2,26,8439.52,2
15687.0,9,9,2993.1,2
12988.0,293,1,505.82000000000005,0
12922.0,162,1,405.38,0
17911.0,10,1,366.23,1
14133.0,130,3,569.6899999999999,1
13497.0,283,2,348.05,0
17567.0,8,8,4099.48,2
13209.0,31,8,5853.150000000001,2
16672.0,3,20,8134.9400000000005,2
13069.0,1,24,4035.08,2
12490.0,6,10,4850.8099999999995,2
12423.0,1,8,1600.4099999999999,2
12683.0,5,14,7617.570000000001,2
12494.0,16,7,1084.1000000000001,2
15723.0,365,1,190.7,0
16719.0,15,7,1770.2200000000003,2
12426.0,195,1,491.28000000000003,0
14828.0,197,3,1405.12,1
14834.0,18,6,1720.3,2
13029.0,31,3,499.0,1
15436.0,13,3,1066.29,1
15416.0,65,4,3952.42,2
17591.0,74,7,2201.3900000000003,2
13954.0,2,2,340.22,1
18101.0,12,2,222.39999999999998,1
16584.0,81,2,831.08,1
12659.0,30,1,73.68,1
12756.0,87,1,112.08,1
13418.0,12,18,5838.36,2
13093.0,276,8,7832.469999999999,2
18096.0,12,3,832.5699999999999,1
14592.0,36,3,555.6600000000001,1
14788.0,8,2,679.44,1
15318.0,4,1,289.82000000000005,1
14431.0,303,1,470.36,0
16566.0,16,5,614.66,1
15657.0,23,1,30.0,1
14708.0,3,3,988.13,1
14769.0,3,8,10113.989999999998,2
16210.0,2,18,6113.18,2
17596.0,24,7,2474.6800000000003,2
13267.0,3,19,4521.49,2
12697.0,29,3,757.5899999999999,1
13975.0,32,6,2458.42,2
14527.0,3,55,8066.290000000001,2
15547.0,8,14,4645.44,2
13199.0,4,35,7398.28,2
15977.0,18,2,981.6199999999999,1
18102.0,2,42,66370.0,2
16327.0,15,6,3820.27,2
16398.0,155,2,1517.2999999999997,1
16438.0,6,5,796.0699999999999,2
12451.0,11,5,8722.369999999999,2
13637.0,53,3,804.3,1
14754.0,45,2,638.05,1
15059.0,41,9,1280.3899999999999,2
18061.0,22,10,1706.13,2
15605.0,37,5,1178.2800000000002,2
12951.0,9,6,1047.1200000000001,2
18075.0,24,10,2582.36,2
13510.0,2,4,1791.56,2
13132.0,262,1,77.3,0
14962.0,271,1,126.7,0
14117.0,144,1,90.0,0
15923.0,373,1,127.08,0
17256.0,108,2,240.0,1
13901.0,73,5,2748.67,2
17096.0,16,4,1022.1300000000001,2
17966.0,152,4,594.4300000000001,1
17286.0,22,1,151.37,1
15062.0,72,4,969.24,1
14404.0,34,6,1423.59,2
13141.0,85,5,2386.25,2
16693.0,69,2,457.90999999999997,1
16213.0,79,1,159.0,1
18125.0,30,4,1131.75,2
18055.0,8,10,6607.74,2
14356.0,80,2,701.23,1
13810.0,29,2,725.8100000000001,1
13780.0,8,2,257.26,1
14737.0,4,3,1164.55,1
16182.0,73,4,1538.65,2
16791.0,30,7,1704.6399999999999,2
17350.0,9,4,1276.5700000000002,2
12733.0,235,1,383.95000000000005,0
12759.0,53,3,1343.6399999999999,1
14323.0,115,2,605.06,1
16775.0,11,11,1621.3300000000004,2
12744.0,57,4,8610.89,2
16723.0,108,1,387.61,1
15443.0,2,7,3128.84,2
17564.0,25,3,454.01,1
13704.0,6,9,2260.2700000000004,2
17731.0,80,4,1087.56,2
14407.0,108,5,1979.26,2
17042.0,3,5,1032.02,2
17711.0,11,2,380.54,1
16851.0,5,3,342.45,1
18174.0,8,1,104.0,1
16744.0,12,7,1274.69,2
14156.0,10,51,70376.01999999997,2
14205.0,17,2,466.70000000000005,1
12623.0,277,1,269.1,0
12415.0,25,15,67004.37000000001,2
13800.0,310,1,526.4200000000001,0
15659.0,44,1,306.45000000000005,1
13812.0,43,3,485.0,1
13323.0,4,5,787.8500000000001,2
14408.0,11,7,2597.51,2
16180.0,101,8,10254.18,2
15990.0,45,2,792.11,1
16598.0,286,1,145.05,0
18225.0,4,12,5482.16,2
14029.0,64,2,467.65999999999997,1
15632.0,16,8,3257.04,2
15606.0,62,9,2920.1600000000003,2
12475.0,54,1,665.38,1
14518.0,65,1,120.94,1
14582.0,41,1,114.11000000000001,1
13784.0,10,8,1935.75,2
15587.0,51,4,913.68,1
18204.0,72,3,1975.35,2
14210.0,106,6,1905.8400000000001,2
17226.0,309,1,390.13000000000005,0
16007.0,48,4,1688.3000000000002,2
14908.0,75,1,277.79999999999995,1
13249.0,93,3,405.56,1
14176.0,298,4,576.9,0
17716.0,23,11,5622.09,2
17838.0,27,5,2540.1200000000003,2
14702.0,2,17,3065.34,2
16895.0,65,1,202.26999999999998,1
13324.0,37,10,5597.3099999999995,2
17813.0,15,5,1556.67,2
17101.0,11,4,1621.73,2
15081.0,23,5,488.15,1
15860.0,41,8,864.4599999999999,2
13718.0,247,2,296.55,0
16456.0,100,5,2157.6099999999997,2
15108.0,142,3,1159.25,1
14852.0,59,6,2819.7400000000002,2
16426.0,3,10,1859.96,2
12569.0,3,32,3152.6899999999996,2
17706.0,5,17,10119.89,2
18287.0,43,3,1837.28,2
15670.0,297,1,173.05,0
17893.0,226,1,107.21,0
17019.0,12,4,1256.37,2
12942.0,132,3,658.6500000000001,1
18036.0,33,3,402.32000000000005,1
17461.0,23,3,732.0999999999999,1
15808.0,307,4,3651.2700000000004,0
15862.0,9,4,798.48,1
16696.0,136,4,657.9000000000001,1
17929.0,12,4,843.0,1
16005.0,13,4,578.71,1
14177.0,87,4,542.62,1
15144.0,9,17,6580.4400000000005,2
17091.0,3,9,3807.8100000000004,2
13524.0,41,5,650.1800000000001,1
16343.0,17,2,328.58,1
15511.0,12,5,900.53,2
14703.0,15,1,318.17,1
16602.0,37,1,511.12999999999994,1
16726.0,27,5,1358.74,2
14965.0,97,2,596.0899999999999,1
15053.0,5,3,648.6899999999999,1
13239.0,262,1,323.8,0
16586.0,249,1,463.95,0
17073.0,18,4,1446.0900000000001,2
14755.0,10,11,4970.33,2
16141.0,89,1,586.5000000000001,1
16360.0,5,6,3332.0299999999997,2
15853.0,52,1,110.8,1
12883.0,25,4,686.52,1
18178.0,129,4,1590.81,2
14315.0,45,6,2394.33,2
14715.0,25,4,846.4300000000001,1
17589.0,61,4,2368.22,2
17416.0,30,7,6881.42,2
12727.0,11,7,3431.3400000000006,2
18149.0,51,3,612.0799999999999,1
16755.0,115,3,1470.11,1
13851.0,96,3,1763.4600000000003,2
12916.0,139,4,2944.95,2
13881.0,4,19,12189.76,2
15789.0,359,1,351.29999999999995,0
13464.0,59,1,657.73,1
18078.0,218,2,336.13,0
13072.0,267,1,177.15000000000003,0
15658.0,191,5,1004.1500000000001,2
18147.0,46,2,179.33999999999997,1
15569.0,104,5,1375.1399999999999,2
16843.0,43,16,9816.06,2
14415.0,2,13,5838.619999999999,2
17728.0,4,3,2808.21,2
17854.0,186,2,311.26,0
12541.0,30,3,841.1800000000001,1
17266.0,3,3,296.58000000000004,1
15626.0,75,2,670.04,1
15201.0,88,5,1236.54,2
13149.0,15,4,1630.46,2
17223.0,311,2,381.89,0
15366.0,76,2,602.51,1
17396.0,40,7,5613.599999999999,2
15422.0,324,2,97.7,0
17090.0,5,7,1973.5100000000002,2
16924.0,22,3,825.3299999999999,1
12747.0,3,11,4180.06,2
17050.0,97,6,3184.88,2
17831.0,34,1,35.400000000000006,1
15755.0,11,6,2364.25,2
14673.0,4,5,1736.3999999999999,2
15343.0,88,1,364.5,1
14239.0,44,11,2346.9500000000003,2
15826.0,57,3,1654.31,2
13600.0,313,1,219.51999999999998,0
17231.0,13,10,3121.12,2
12844.0,30,2,325.96,1
16763.0,199,1,594.9,0
14981.0,247,1,102.12,0
13950.0,12,4,628.3599999999999,1
15116.0,18,4,1352.75,2
13468.0,2,37,5688.0199999999995,2
16469.0,24,4,609.3299999999999,1
12705.0,16,8,6365.969999999999,2
13741.0,72,3,668.4300000000001,1
16633.0,18,6,2848.15,2
17667.0,67,5,2055.51,2
12429.0,10,4,3388.4,2
15478.0,41,2,1399.92,1
17272.0,43,4,2148.63,2
16096.0,265,1,195.62,0
14776.0,52,11,2538.3,2
17259.0,149,2,581.23,1
13529.0,79,2,206.06,1
12348.0,76,4,1186.6799999999998,2
13695.0,32,15,2444.13,2
17654.0,278,1,117.54999999999998,0
16183.0,68,1,338.71000000000004,1
15394.0,10,4,2183.54,2
14412.0,43,2,747.6,1
17759.0,18,3,816.0300000000001,1
16432.0,65,1,143.4,1
14780.0,55,2,430.73,1
14127.0,123,3,709.7099999999999,1
18191.0,262,1,207.79999999999998,0
17894.0,72,8,1087.06,2
17733.0,39,2,692.1899999999999,1
16996.0,31,6,1456.96,2
17346.0,4,15,2595.66,2
14711.0,11,11,2184.62,2
17053.0,131,1,498.47999999999996,1
14643.0,171,2,680.13,1
17081.0,26,2,288.90999999999997,1
15444.0,10,2,1408.3300000000004,1
17372.0,41,8,1335.2800000000002,2
17397.0,23,2,664.46,1
12981.0,30,2,372.22,1
17446.0,177,2,120.9,0
14209.0,11,6,2033.5299999999997,2
16242.0,9,7,3562.9100000000003,2
16119.0,9,2,423.36,1
16816.0,104,4,412.5,1
15465.0,20,18,7354.620000000001,2
12656.0,18,5,3534.42,2
16910.0,5,8,1489.35,2
15412.0,172,1,190.53000000000003,0
14138.0,2,2,965.8800000000001,1
12578.0,22,2,2402.5099999999998,1
17191.0,29,7,2058.5000000000005,2
13236.0,25,2,712.95,1
14549.0,312,1,289.23999999999995,0
17041.0,27,3,1066.93,1
16042.0,23,5,1126.62,2
17001.0,1,11,3838.0199999999995,2
14515.0,18,6,2056.94,2
13334.0,83,3,3502.32,2
13211.0,11,3,1095.42,1
16063.0,261,1,335.32,0
16356.0,198,3,211.76999999999998,0
17080.0,23,2,287.62,1
18016.0,33,5,1443.7599999999998,2
17214.0,61,6,974.1200000000001,2
16414.0,22,2,126.25,1
12427.0,22,3,639.3199999999999,1
17637.0,32,2,547.0600000000001,1
14129.0,2,5,1123.8600000000001,2
15643.0,192,3,596.2,0
15313.0,111,1,52.0,1
16041.0,142,2,1487.0,1
16992.0,11,5,1580.41,2
17017.0,3,20,8546.9,2
16903.0,30,1,362.82,1
16710.0,20,10,2448.1600000000003,2
13272.0,32,2,276.56,1
13919.0,60,2,331.86,1
15768.0,116,3,371.83000000000004,1
13077.0,2,4,710.36,1
15845.0,18,8,3711.7700000000004,2
13692.0,25,3,1452.3700000000001,2
16987.0,4,7,1541.0,2
16253.0,67,2,3656.5,2
15288.0,44,5,2306.5200000000004,2
13410.0,25,5,1003.06,2
13390.0,75,1,544.08,1
12714.0,10,5,4289.7,2
12472.0,33,7,5997.43,2
12540.0,20,17,11414.689999999999,2
13320.0,79,4,1532.1999999999998,2
14901.0,12,9,1421.29,2
17076.0,37,3,816.0799999999999,1
17988.0,12,7,161.17000000000002,1
14905.0,158,2,616.1500000000001,1
13504.0,65,1,295.93,1
12539.0,23,4,5449.7,2
15364.0,96,2,913.19,1
14411.0,311,1,1063.0,0
18117.0,26,1,295.27,1
17828.0,23,4,1165.09,2
12888.0,215,2,354.12,0
14216.0,4,4,1799.3,2
14083.0,5,8,968.6700000000002,2
17505.0,162,2,1145.8400000000001,1
13309.0,8,5,1436.27,2
14636.0,37,2,609.85,1
17131.0,6,5,2443.2200000000003,2
17994.0,122,4,640.99,1
12586.0,18,1,194.06,1
14567.0,57,2,1530.3600000000001,1
16806.0,104,4,736.21,1
17857.0,110,7,761.06,2
13263.0,2,34,7334.08,2
12748.0,1,203,28587.379999999997,2
14535.0,61,3,2849.7000000000007,2
13940.0,18,4,839.14,1
14475.0,72,3,925.8499999999999,1
15289.0,30,3,939.78,1
14823.0,181,3,321.43,0
13769.0,3,10,2728.71,2
14075.0,5,3,942.26,1
16362.0,33,5,709.99,2
13348.0,65,1,233.76000000000002,1
13208.0,59,6,1217.65,2
14360.0,32,4,1999.68,2
15031.0,5,4,653.1899999999999,1
12820.0,4,4,942.34,2
17189.0,107,2,381.47,1
16634.0,223,2,217.9,0
15063.0,214,1,115.6,0
18081.0,37,3,343.45000000000005,1
14045.0,110,2,1090.8,1
13705.0,8,3,546.86,1
12814.0,102,1,85.92,1
15235.0,218,12,2213.6099999999997,2
16592.0,5,16,4113.679999999999,2
12732.0,180,1,218.26000000000002,0
15801.0,47,3,1063.95,1
13563.0,85,2,522.97,1
15550.0,5,4,575.63,1
17571.0,51,4,1402.06,2
14194.0,5,21,11243.490000000002,2
16900.0,17,3,878.7900000000001,1
16211.0,89,1,547.02,1
13888.0,120,2,595.6700000000001,1
17018.0,41,2,920.1,1
12584.0,4,9,2033.8,2
13657.0,11,2,367.14,1
15759.0,219,3,253.04000000000002,0
12720.0,3,25,5036.7699999999995,2
13157.0,50,4,1741.2200000000003,2
14931.0,5,4,860.12,1
14099.0,17,11,3081.22,2
17288.0,10,7,1397.49,2
15462.0,95,3,234.60000000000002,1
17235.0,26,2,550.0600000000001,1
15596.0,101,5,1406.59,2
17976.0,373,1,320.84000000000003,0
15453.0,2,7,1371.77,2
16955.0,185,4,467.82,0
17379.0,12,1,361.19,1
13473.0,61,2,422.64,1
14987.0,16,2,326.4,1
15407.0,34,4,851.74,1
14482.0,19,6,1862.1599999999999,2
14189.0,3,15,4595.16,2
12839.0,3,14,5591.42,2
13318.0,2,3,640.76,1
17511.0,3,30,73024.47,2
17088.0,29,4,1966.0100000000002,2
17120.0,234,1,307.46,0
16034.0,197,3,437.70000000000005,0
18024.0,153,2,389.78,1
14032.0,3,11,2975.59,2
12676.0,25,6,1091.3899999999999,2
16161.0,2,19,5370.02,2
18065.0,6,14,2359.53,2
14221.0,43,9,3354.2999999999993,2
17895.0,45,1,88.61,1
14447.0,19,5,1163.23,2
14656.0,170,2,289.72,0
12664.0,9,9,4391.88,2
17615.0,131,3,329.6,1
12791.0,374,1,177.60000000000002,0
15044.0,20,17,7566.240000000001,2
17774.0,97,4,1197.7799999999997,2
16393.0,3,13,3040.9599999999996,2
15373.0,9,11,2363.82,2
18242.0,73,4,2184.64,2
14039.0,34,1,152.2,1
16440.0,8,5,3631.55,2
12388.0,16,6,2762.42,2
13753.0,288,1,741.2600000000001,0
17588.0,101,3,1178.8799999999999,1
18088.0,62,1,164.70000000000002,1
14359.0,20,3,895.23,1
18218.0,212,2,641.9200000000001,0
13751.0,289,1,296.25,0
13460.0,30,2,183.44,1
14818.0,74,3,657.8,1
16553.0,164,12,5327.66,2
14591.0,16,4,1234.83,2
15135.0,240,1,139.05,0
12965.0,90,1,769.81,1
13317.0,67,6,2253.73,2
16109.0,219,2,542.28,0
16080.0,82,2,217.16000000000003,1
15807.0,51,3,903.9000000000001,1
12559.0,311,2,525.7099999999999,0
13355.0,123,1,674.6999999999999,1
15624.0,117,4,566.8500000000001,1
17597.0,214,1,1943.94,0
14918.0,116,2,1610.15,1
17676.0,5,6,1371.18,2
16709.0,85,5,2894.27,2
14191.0,2,13,4654.04,2
15532.0,26,4,1509.88,2
16311.0,18,2,616.26,1
15290.0,5,18,7766.939999999999,2
17880.0,365,1,458.91999999999996,0
15983.0,23,4,1465.1200000000001,2
16918.0,50,6,1068.8200000000002,2
13678.0,152,1,152.0,0
16591.0,69,1,213.5,1
14857.0,60,2,1173.1200000000001,1
15367.0,58,4,1877.59,2
16131.0,52,6,3506.5400000000004,2
16582.0,114,1,313.62,1
17212.0,254,1,226.85,0
13451.0,27,5,2897.9,2
16358.0,2,4,2027.5,2
18198.0,5,17,3797.4,2
17234.0,183,1,149.89,0
17873.0,81,5,1719.5800000000002,2
18135.0,30,5,681.9100000000001,2
16805.0,174,2,449.78999999999996,0
18010.0,257,1,157.85,0
12876.0,58,2,2053.02,1
17247.0,16,1,246.19000000000003,1
12535.0,92,2,716.35,1
12990.0,32,3,409.5,1
13167.0,19,4,749.5699999999999,1
17331.0,124,1,175.2,1
17391.0,164,1,101.76,0
18257.0,40,8,2337.63,2
17709.0,170,1,87.5,0
17865.0,31,20,10509.37,2
14948.0,24,6,1101.97,2
17528.0,2,8,3153.7799999999997,2
14154.0,240,2,1150.62,0
15660.0,26,9,1596.3000000000002,2
15223.0,226,2,755.75,0
13799.0,117,2,688.8599999999999,1
14317.0,65,1,508.58000000000004,1
15028.0,9,4,627.13,1
16221.0,37,3,855.1,1
14840.0,268,1,62.85,0
13217.0,123,3,533.98,1
14883.0,19,6,757.0300000000001,2
14406.0,120,1,156.75,1
16160.0,66,2,732.9599999999998,1
13137.0,11,8,3602.45,2
14712.0,30,3,917.07,1
14572.0,4,7,2760.6400000000003,2
15837.0,65,1,391.98,1
13777.0,1,29,12627.52,2
17877.0,171,1,237.61,0
14687.0,107,1,549.18,1
12853.0,135,6,1957.1000000000001,2
14312.0,47,6,1568.3999999999999,2
14913.0,36,4,1182.71,2
16712.0,10,11,3574.53,2
14193.0,68,2,853.39,1
15701.0,3,4,1491.61,2
13144.0,333,1,110.95,0
14836.0,11,3,102.44999999999999,1
15863.0,26,2,68.84,1
15694.0,1,13,6326.16,2
15526.0,34,2,148.44,1
16790.0,4,6,1545.6200000000001,2
15460.0,355,1,214.26,0
15485.0,31,3,2564.5,2
18230.0,10,7,2810.2,2
16871.0,23,6,2744.54,2
12924.0,89,4,781.0600000000002,1
17014.0,9,3,583.43,1
13555.0,74,4,4098.88,2
14593.0,22,3,613.25,1
12422.0,96,3,683.56,1
17155.0,18,2,248.82,1
17454.0,193,4,517.53,0
16401.0,2,12,3504.08,2
17315.0,2,36,6072.750000000001,2
16478.0,26,3,331.0,1
17860.0,369,1,226.45000000000002,0
15930.0,68,1,426.63,1
17921.0,65,4,820.2299999999999,1
13926.0,24,1,183.9,1
13999.0,11,12,3899.5299999999997,2
15049.0,274,1,121.17000000000002,0
17883.0,4,4,662.06,1
14161.0,216,3,1097.6200000000001,0
13158.0,95,4,1197.6999999999998,2
17742.0,114,2,308.21000000000004,1
17423.0,47,2,698.41,1
17636.0,20,1,285.56,1
12721.0,32,6,2332.4,2
13952.0,218,2,3217.17,0
17373.0,41,4,646.9200000000001,1
13437.0,15,7,3190.61,2
14748.0,30,5,1411.75,2
12985.0,1,2,1136.18,1
16484.0,174,2,389.3,0
16907.0,30,5,895.16,2
16255.0,17,8,2594.17,2
15304.0,61,8,694.4000000000001,2
13060.0,254,1,307.53,0
14594.0,8,2,363.33,1
16496.0,9,3,1599.52,2
12447.0,244,1,431.49,0
12843.0,66,8,1702.26,2
18172.0,15,17,5929.680000000001,2
17046.0,158,1,642.02,1
16126.0,30,4,6287.7699999999995,2
17668.0,2,2,347.75,1
15825.0,173,1,273.82,0
15757.0,66,2,714.4200000000001,1
13700.0,27,10,2248.63,2
14128.0,61,2,637.5,1
14214.0,31,5,954.52,2
14524.0,32,9,1687.46,2
15440.0,55,3,383.68,1
18222.0,93,1,430.84,1
14963.0,10,5,1471.91,2
13781.0,251,1,127.84,0
17734.0,54,3,700.6300000000001,1
18112.0,13,2,352.69000000000005,1
13593.0,109,5,2011.8800000000006,2
18013.0,156,2,187.29,0
14124.0,85,1,118.08,1
16093.0,107,1,17.0,0
17253.0,19,1,162.31,1
13642.0,216,1,279.38,0
15325.0,104,1,161.74,1
16556.0,67,7,3279.89,2
13621.0,117,1,206.96999999999997,1
14587.0,19,9,1580.29,2
15249.0,32,13,6649.83,2
17613.0,23,14,4529.67,2
13061.0,73,1,248.60999999999999,1
15132.0,19,5,977.9300000000001,2
15103.0,32,2,593.36,1
13980.0,61,1,191.02,1
15240.0,45,5,1696.57,2
12643.0,129,5,1627.4,2
14351.0,165,1,51.0,0
13292.0,39,2,578.94,1
14506.0,18,5,1960.65,2
17364.0,1,11,4441.93,2
14256.0,261,2,969.0600000000002,0
15296.0,51,6,3672.8599999999997,2
16767.0,31,11,5482.679999999999,2
14665.0,61,5,1717.05,2
17188.0,12,7,2474.23,2
13285.0,24,4,2658.2699999999995,2
13475.0,192,4,1406.83,2
12465.0,18,2,682.19,1
17958.0,117,1,508.46,1
14338.0,162,2,588.22,1
14414.0,92,7,1395.4399999999998,2
13021.0,5,9,2556.4800000000005,2
14511.0,12,5,1289.81,2
16134.0,22,2,618.09,1
16594.0,76,1,181.09,1
15034.0,16,8,4155.070000000001,2
14666.0,25,1,192.84999999999997,1
14825.0,4,12,2221.01,2
12478.0,4,1,545.99,1
12610.0,23,4,1679.74,2
14215.0,12,6,1766.92,2
17698.0,261,1,154.95,0
16830.0,39,1,325.90999999999997,1
15539.0,8,1,538.4599999999999,1
16342.0,76,4,286.46,1
18252.0,51,2,478.37000000000006,1
12826.0,3,7,1465.6,2
16678.0,3,12,3105.4300000000003,2
15641.0,106,4,1866.0800000000002,2
15973.0,367,1,307.82,0
16062.0,10,4,1121.72,2
12669.0,151,2,1410.78,1
15529.0,23,11,3955.92,2
17770.0,199,5,1143.27,2
15858.0,16,5,1427.4700000000003,2
12913.0,5,5,2453.63,2
13358.0,269,1,386.15,0
18006.0,24,1,444.68,1
18008.0,71,5,343.44999999999993,1
13235.0,213,1,997.1700000000001,0
12515.0,354,1,278.7,0
13536.0,2,7,3444.3900000000003,2
13210.0,94,1,353.47999999999996,1
13338.0,158,1,422.02,0
13521.0,2,3,1068.03,1
16609.0,16,7,5488.9,2
16128.0,18,5,1880.2199999999998,2
13886.0,72,1,243.55999999999997,1
15945.0,366,1,181.0,0
16184.0,65,6,1158.79,2
16560.0,27,2,816.41,1
15655.0,244,1,560.67,0
16518.0,62,2,484.32000000000005,1
13955.0,155,2,322.96000000000004,1
14581.0,17,1,131.76,1
14881.0,20,1,244.0,1
12653.0,149,2,2209.85,1
12885.0,64,3,1124.3700000000001,1
16515.0,53,5,1624.14,2
14759.0,5,3,1610.02,2
14442.0,205,2,1500.02,0
13558.0,6,4,594.14,1
12857.0,211,2,1106.4,0
14246.0,111,3,1474.06,1
13982.0,40,4,1871.8100000000002,2
14005.0,10,5,2769.3599999999997,2
12925.0,5,2,679.05,1
15809.0,37,5,511.21000000000004,1
13067.0,83,1,115.46,1
14049.0,17,4,5411.97,2
17867.0,31,6,596.0799999999999,2
13539.0,86,3,597.4399999999999,1
13151.0,296,1,1118.2700000000002,0
16122.0,74,4,512.94,1
17119.0,4,2,591.91,1
16003.0,30,5,2235.37,2
16031.0,93,2,507.76,1
13946.0,80,3,489.3299999999999,1
16065.0,366,1,367.14,0
12764.0,317,1,1693.88,0
12904.0,19,2,496.06,1
16621.0,52,4,813.48,1
18017.0,82,3,523.0,1
15078.0,8,32,9743.11,2
13102.0,2,24,6163.449999999999,2
12749.0,4,5,4040.88,2
15754.0,52,3,458.57,1
13988.0,20,6,4002.42,2
18280.0,278,1,180.60000000000002,0
14163.0,88,4,2314.11,2
17293.0,9,8,1786.1799999999998,2
16885.0,16,3,449.69000000000005,1
14023.0,8,2,584.0699999999999,1
16404.0,71,1,443.04999999999995,1
16425.0,303,1,302.7,0
14817.0,201,2,1010.3399999999999,0
17381.0,25,16,3431.7300000000005,2
12662.0,1,11,3513.8300000000004,2
12895.0,43,2,372.79999999999995,1
16674.0,55,2,304.24,1
12355.0,215,1,459.4,0
15813.0,208,2,1303.9099999999999,0
15279.0,355,1,270.56,0
15433.0,214,2,533.3000000000001,0
16729.0,39,21,7174.65,2
15889.0,157,2,398.12,1
12921.0,10,37,16587.09,2
14849.0,22,25,7851.34,2
13895.0,29,4,2593.07,2
12628.0,5,3,732.46,1
17700.0,17,4,2517.69,2
18259.0,25,3,2338.6000000000004,2
14265.0,110,2,496.28,1
13000.0,107,3,529.0899999999999,1
14304.0,223,1,367.50000000000006,0
13914.0,12,2,617.33,1
15204.0,358,1,316.58,0
16085.0,24,5,981.51,2
14970.0,69,4,1592.06,2
15838.0,12,19,16992.88,2
15957.0,32,1,428.89000000000004,1
17519.0,18,6,1844.02,2
16889.0,195,3,1578.67,1
15157.0,4,3,1784.83,2
16268.0,72,2,573.14,1
13666.0,61,3,84.65,1
16029.0,39,50,22868.190000000002,2
17965.0,38,14,2571.6899999999996,2
12724.0,6,4,923.41,2
14487.0,27,6,1098.3999999999999,2
13516.0,22,3,770.41,1
14321.0,11,5,1443.28,2
15654.0,10,2,907.53,1
15743.0,17,4,775.96,1
15139.0,240,2,169.84,0
15984.0,3,10,2507.13,2
17368.0,24,8,1878.87,2
14697.0,219,2,188.61,0
17179.0,179,3,711.79,1
16121.0,58,2,850.0999999999999,1
17714.0,321,1,153.0,0
16454.0,45,2,6.9,1
14223.0,93,3,982.01,1
15210.0,226,1,245.27999999999997,0
17284.0,61,6,1647.48,2
18237.0,3,5,987.1,2
15621.0,5,4,1293.03,2
13425.0,109,3,1609.21,1
12989.0,4,14,4731.71,2
12779.0,38,8,3972.24,2
14819.0,65,2,272.07,1
15106.0,18,5,1398.73,2
14004.0,44,7,4582.64,2
15142.0,47,1,498.73999999999995,1
16759.0,8,3,755.8900000000001,1
16716.0,267,2,901.2,0
15185.0,71,1,169.16,1
16054.0,146,1,752.0,1
15329.0,40,3,1049.7,1
14745.0,113,5,1220.2600000000002,2
16611.0,187,1,129.49,0
13133.0,274,2,109.8,0
12463.0,54,4,1200.78,2
17236.0,13,6,894.6200000000001,2
16914.0,37,1,183.76000000000005,1
12362.0,4,10,4521.9,2
15241.0,67,8,1709.2799999999997,2
17999.0,38,2,363.06,1
15469.0,51,2,415.44999999999993,1
13894.0,24,3,564.6200000000001,1
12417.0,4,9,3069.9400000000005,2
15244.0,66,2,631.5699999999999,1
15891.0,227,1,511.68,0
17375.0,200,3,400.1,0
13752.0,125,6,1129.4299999999998,2
15146.0,165,2,1327.1599999999999,1
17812.0,13,4,618.6300000000001,1
14164.0,81,1,1273.77,1
14546.0,6,5,2573.9300000000003,2
13169.0,64,2,712.88,1
18142.0,158,2,443.28,1
17640.0,87,1,621.66,1
13967.0,146,1,80.7,0
13817.0,30,2,328.97999999999996,1
16725.0,303,7,724.37,0
16244.0,212,2,1522.75,0
16841.0,37,6,1795.42,2
13461.0,39,3,1445.0,1
12627.0,11,6,4053.58,2
17769.0,13,10,3924.13,2
12588.0,40,1,174.89999999999998,1
15382.0,15,6,5846.15,2
17027.0,79,6,877.5600000000001,2
16321.0,73,5,373.65,1
15484.0,2,4,3474.25,2
15568.0,3,3,724.3900000000001,1
15482.0,16,11,9375.36,2
17026.0,186,2,154.82999999999998,0
16240.0,25,2,3428.8,2
16364.0,12,2,705.7900000000001,1
14498.0,43,5,1787.3200000000002,2
14178.0,9,7,1557.0500000000002,2
14719.0,2,5,1577.28,2
13502.0,17,3,292.0,1
17642.0,120,2,712.29,1
12723.0,4,4,622.3199999999999,1
14853.0,25,2,475.79999999999995,1
13798.0,2,55,31591.869999999995,2
17085.0,124,5,1562.4,2
15502.0,16,9,5955.23,2
12890.0,25,1,369.88,1
13759.0,34,2,659.41,1
15644.0,167,4,799.3599999999999,1
12758.0,117,2,2791.5899999999997,1
16418.0,45,3,576.22,1
17035.0,246,2,433.53,0
14557.0,86,1,788.38,1
17233.0,36,1,190.87999999999997,1
13962.0,22,2,147.6,1
15835.0,45,4,903.24,1
12919.0,9,6,1335.19,2
17556.0,206,1,157.9,0
12646.0,5,2,1346.9700000000003,1
15780.0,184,3,475.28,0
15630.0,46,2,1186.35,1
17793.0,26,1,283.39,1
12612.0,75,1,668.0400000000001,1
16929.0,4,7,1295.39,2
15571.0,12,4,650.4300000000001,1
13426.0,1,10,3641.32,2
15938.0,113,5,404.58000000000004,1
17861.0,4,8,1988.54,2
14944.0,30,12,5866.35,2
13985.0,5,15,7028.230000000001,2
12516.0,78,2,1082.38,1
17415.0,80,1,287.88999999999993,1
13385.0,330,1,484.66999999999996,0
12956.0,307,1,91.12,0
12855.0,373,1,38.1,0
18223.0,5,14,6484.54,2
14335.0,17,2,454.86000000000007,1
13854.0,9,25,8086.72,2
13908.0,80,4,2319.5499999999997,2
13491.0,52,10,1172.8,2
14052.0,20,1,225.36,1
16361.0,10,4,857.31,1
13869.0,124,4,3083.65,2
13819.0,302,3,1140.35,0
16378.0,248,3,362.95,0
12393.0,73,4,1582.6,2
15806.0,47,3,784.5799999999999,1
15136.0,3,4,1286.7,2
16107.0,18,7,3064.3600000000006,2
14911.0,2,198,124455.76000000002,2
17850.0,373,34,4783.459999999998,2
16558.0,1,20,8166.110000000001,2
16700.0,9,13,5076.549999999999,2
18118.0,11,26,5552.6,2
15287.0,23,2,414.69000000000005,1
15747.0,13,3,946.6399999999999,1
15949.0,17,2,364.72,1
12598.0,10,7,2772.88,2
14157.0,20,2,424.89,1
13066.0,25,2,429.0,1
12935.0,3,7,2160.7,2
13218.0,128,1,62.64,0
16839.0,9,34,15537.390000000001,2
17754.0,1,5,1648.41,2
17419.0,12,12,4141.57,2
13786.0,368,1,230.4,0
15920.0,155,4,167.4,1
18229.0,12,20,7276.9,2
13091.0,29,1,345.82,1
13316.0,38,4,4268.57,2
13200.0,20,4,867.21,1
14854.0,79,7,2628.23,2
16836.0,40,2,251.87,1
13715.0,282,5,1077.3899999999999,0
12995.0,86,1,211.32,1
17602.0,3,6,5036.18,2
14810.0,41,11,2065.38,2
15042.0,200,1,135.93,0
15752.0,40,7,2605.51,2
16191.0,3,12,4609.32,2
14676.0,32,6,2290.7200000000003,2
16136.0,60,3,709.38,1
13351.0,67,1,323.94000000000005,1
14059.0,267,1,183.60000000000002,0
13933.0,110,2,608.79,1
18211.0,26,5,595.51,1
14895.0,8,20,10723.259999999998,2
17809.0,17,12,5259.2699999999995,2
13675.0,152,2,486.82000000000005,1
17975.0,16,13,4429.56,2
16891.0,2,5,725.2399999999999,2
12645.0,34,4,1631.1799999999998,2
18122.0,9,6,1751.33,2
16209.0,89,5,888.98,2
15370.0,41,7,2386.05,2
17387.0,20,2,746.81,1
16494.0,297,1,826.53,0
14034.0,23,3,561.0900000000001,1
12409.0,79,3,10947.39,2
12787.0,10,3,418.66,1
17848.0,82,9,895.53,2
14135.0,2,15,4478.3099999999995,2
16076.0,4,10,2204.97,2
16458.0,3,18,3482.74,2
13232.0,13,7,1243.6,2
17658.0,26,2,595.42,1
16601.0,41,1,242.70000000000002,1
17744.0,4,6,2265.64,2
17507.0,262,2,605.58,0
15312.0,76,4,924.8499999999999,1
16780.0,101,2,422.24,1
17771.0,57,2,240.57999999999998,1
14198.0,19,4,681.4499999999999,1
17980.0,166,3,811.45,1
15854.0,5,12,2965.92,2
13658.0,10,5,2472.17,2
13707.0,268,2,770.46,0
13804.0,31,7,2554.4900000000002,2
13014.0,11,10,3466.28,2
18093.0,94,4,2027.3200000000002,2
14505.0,18,8,5764.630000000001,2
14422.0,1,6,4206.040000000001,2
17186.0,47,2,144.0,1
13873.0,120,3,389.59999999999997,1
15811.0,23,6,2218.62,2
14952.0,60,11,7785.09,2
15457.0,263,1,237.07,0
12704.0,8,8,1715.8899999999999,2
17472.0,192,3,697.54,0
16727.0,365,1,256.32,0
14649.0,5,4,1371.36,2
17006.0,5,4,766.7800000000001,1
13126.0,5,8,2020.2599999999998,2
17690.0,31,15,4142.05,2
15796.0,2,8,2708.61,2
16961.0,117,1,234.16999999999996,1
13467.0,11,2,1071.9099999999999,1
14672.0,235,2,757.5699999999999,0
14439.0,320,1,2661.2400000000002,0
17356.0,312,1,178.22,0
14251.0,2,5,2879.7,2
15733.0,283,1,162.3,0
17431.0,314,1,403.29999999999995,0
17097.0,3,8,924.47,2
13728.0,37,6,1016.1400000000001,2
16247.0,171,1,98.6,0
15301.0,51,11,4427.45,2
12619.0,17,8,1962.36,2
16938.0,9,4,1878.4299999999998,2
12410.0,309,2,533.3299999999999,0
13117.0,22,8,939.8399999999999,2
16057.0,17,7,2263.12,2
17830.0,2,3,398.7,1
14273.0,52,4,559.97,1
15026.0,81,3,464.20000000000005,1
15665.0,169,2,2197.2599999999998,1
12441.0,367,1,155.55,0
13756.0,3,14,4834.32,2
13991.0,13,6,848.8900000000001,2
16169.0,9,4,1815.5300000000002,2
17819.0,72,7,3688.92,2
16493.0,80,4,1351.63,2
15332.0,367,4,1661.06,0
17250.0,4,2,362.02000000000004,1
14997.0,47,3,515.3599999999999,1
14661.0,27,1,107.95000000000002,1
12445.0,23,1,77.4,1
15903.0,10,7,5126.76,2
16359.0,8,8,1117.13,2
16794.0,2,10,1182.34,2
17449.0,3,7,2499.68,2
14971.0,36,3,1082.0300000000002,1
16110.0,46,3,1318.8600000000001,1
14044.0,27,4,594.19,1
17389.0,1,33,25930.18,2
17470.0,45,5,1104.4299999999998,2
14112.0,23,7,2915.1499999999996,2
15128.0,61,4,1438.8400000000001,2
12530.0,60,4,1342.24,2
13388.0,132,2,627.15,1
14504.0,48,4,673.26,1
14915.0,92,2,307.47999999999996,1
18074.0,374,1,489.6,0
15197.0,11,3,660.2099999999999,1
17049.0,3,9,5388.08,2
16133.0,4,33,12294.840000000002,2
15048.0,66,4,380.42999999999995,1
14201.0,61,7,710.96,2
15038.0,59,6,685.74,2
17451.0,2,7,1703.18,2
14897.0,8,4,1283.18,2
13994.0,4,6,2274.1400000000003,2
14790.0,17,4,745.06,1
13483.0,66,1,140.34,1
18235.0,72,3,1728.6800000000003,2
15036.0,73,3,429.37,1
16415.0,45,1,200.26999999999998,1
17086.0,8,6,1801.0800000000004,2
16832.0,185,3,182.2,0
13925.0,93,4,593.5,1
17648.0,61,4,1797.4999999999998,2
12693.0,128,4,711.91,1
13178.0,27,11,5725.47,2
15358.0,5,22,8166.24,2
13534.0,3,25,5870.08,2
15841.0,73,4,1224.06,2
14111.0,15,4,598.65,1
13305.0,5,10,2000.8600000000001,2
13941.0,22,5,4187.08,2
15769.0,8,16,7122.72,2
16480.0,76,1,737.39,1
12654.0,11,5,529.98,1
15087.0,282,1,246.46,0
13590.0,12,6,1720.32,2
14173.0,11,4,433.89,1
15839.0,34,3,1042.73,1
16655.0,18,6,3755.62,2
13104.0,4,6,1098.48,2
15507.0,172,1,475.86,0
17787.0,153,4,1817.5400000000002,2
15203.0,26,6,1815.5800000000002,2
12597.0,20,4,3112.84,2
15831.0,59,3,710.08,1
16847.0,44,1,193.44,1
13606.0,30,3,274.47,1
14764.0,47,1,278.3,1
17466.0,11,2,738.3300000000002,1
17720.0,27,4,1117.0900000000001,2
17287.0,27,7,947.3600000000001,2
13448.0,17,6,3514.38,2
15881.0,313,5,501.3900000000001,0
14507.0,24,6,1350.93,2
15785.0,33,5,2249.0699999999997,2
17618.0,6,3,810.43,1
14779.0,281,3,254.40000000000003,0
16405.0,303,2,74.85,0
16569.0,4,1,124.2,1
17705.0,4,9,1823.52,2
12997.0,23,4,1141.77,2
12520.0,80,5,2329.31,2
12431.0,61,14,5070.160000000001,2
15198.0,93,2,193.64,1
17679.0,53,2,1952.16,1
17064.0,59,3,855.45,1
16243.0,34,2,306.01,1
14595.0,20,6,1740.6000000000001,2
13192.0,96,2,911.94,1
15473.0,15,7,1771.2,2
14921.0,31,2,1313.19,1
17462.0,61,2,675.69,1
18014.0,29,1,162.22,1
15194.0,4,15,7277.08,2
15867.0,6,15,3735.25,2
14264.0,155,2,333.97,1
15426.0,20,5,1378.9299999999998,2
16688.0,2,4,1260.86,2
15544.0,10,9,3546.71,2
17878.0,44,1,379.45,1
16748.0,18,5,1515.8999999999999,2
16040.0,66,3,1313.5500000000002,1
14522.0,25,4,974.54,2
17669.0,43,7,3406.7200000000003,2
14793.0,22,1,228.99,1
12769.0,239,1,1143.6,0
15092.0,216,2,457.81000000000006,0
15963.0,20,2,470.76,1
17147.0,23,4,1714.5900000000001,2
14088.0,11,13,49368.61,2
18050.0,360,1,74.4,0
16817.0,3,9,1524.8500000000001,2
14092.0,8,14,4076.9100000000008,2
13330.0,93,3,1127.25,1
17412.0,3,7,1251.22,2
15467.0,10,3,499.93,1
15553.0,61,1,419.81,1
16202.0,361,1,365.27000000000004,0
15593.0,71,1,199.8,1
14618.0,10,3,523.44,1
15699.0,18,1,279.70000000000005,1
13055.0,79,3,1209.85,1
16189.0,16,2,215.48,1
13492.0,137,3,1269.84,1
16923.0,13,19,6993.24,2
12442.0,4,1,144.06,1
12682.0,4,31,10633.18,2
16164.0,18,3,782.5799999999999,1
13107.0,45,4,1531.62,2
13652.0,46,3,1095.08,1
12937.0,16,4,1504.27,2
16019.0,47,9,3786.24,2
17337.0,152,4,1978.82,2
13322.0,18,1,199.48,1
13885.0,190,2,506.80000000000007,0
18231.0,193,5,2071.77,2
17175.0,45,4,1383.7399999999998,2
12433.0,1,7,12799.95,2
14426.0,24,10,4447.7699999999995,2
14961.0,11,9,7044.68,2
16411.0,20,2,211.7,1
17777.0,25,3,645.4699999999999,1
17299.0,12,4,656.6099999999999,1
14231.0,184,3,845.8100000000001,1
15122.0,115,3,1633.7799999999997,1
14920.0,213,2,960.8199999999999,0
15810.0,79,4,1307.2299999999998,2
14114.0,274,2,284.83,0
13120.0,239,1,30.599999999999998,0
15781.0,26,3,345.46000000000004,1
13344.0,68,3,2055.9900000000002,2
18079.0,46,4,1974.5700000000002,2
15493.0,33,5,1929.47,2
18212.0,327,1,216.07,0
17768.0,9,3,2034.0500000000002,2
13332.0,15,1,350.90000000000003,1
17508.0,281,1,383.95000000000005,0
16470.0,52,4,745.57,1
13482.0,233,1,184.64,0
17370.0,73,4,438.74,1
15921.0,173,1,306.08,0
15119.0,246,1,192.55,0
16506.0,20,2,90.30000000000001,1
15159.0,2,29,17957.55,2
14418.0,4,3,1870.0600000000004,2
18139.0,18,6,5948.34,2
17409.0,185,2,771.85,0
14085.0,3,18,4371.4400000000005,2
18246.0,24,2,596.1,1
12772.0,60,1,752.47,1
17791.0,30,1,106.1,1
16406.0,19,1,154.05,1
18190.0,193,2,284.46000000000004,0
14258.0,10,9,11206.220000000001,2
18194.0,83,1,713.2,1
12576.0,36,5,1268.9299999999998,2
14334.0,17,8,2552.21,2
16324.0,129,3,407.06999999999994,1
16684.0,5,17,23716.300000000003,2
13564.0,355,2,1174.03,0
16589.0,72,3,459.24,1
13139.0,17,7,5064.9400000000005,2
16898.0,27,3,487.74,1
13725.0,50,8,1975.9999999999995,2
12868.0,186,6,1607.06,2
17340.0,30,11,12271.11,2
13228.0,82,1,358.0,1
15719.0,33,13,5020.38,2
12928.0,36,5,2028.1399999999999,2
15799.0,76,3,852.99,1
13623.0,31,5,727.74,2
15722.0,36,5,1980.21,2
12672.0,330,1,225.9,0
13939.0,24,3,543.47,1
16108.0,85,1,842.5,1
17002.0,86,3,1493.73,1
16449.0,198,2,707.69,0
18144.0,31,11,1728.75,2
13813.0,40,4,1168.8600000000001,2
13518.0,86,1,627.1600000000001,1
15611.0,10,12,1576.4499999999998,2
15057.0,276,2,1489.5,0
13402.0,128,2,618.95,1
12795.0,19,1,318.47999999999996,1
13266.0,12,12,3506.44,2
17238.0,3,17,3617.3999999999996,2
16403.0,313,1,177.5,0
14688.0,8,21,5553.91,2
14889.0,337,1,135.9,0
17864.0,13,3,554.8499999999999,1
18109.0,2,26,7068.799999999999,2
14658.0,6,2,207.2,1
17411.0,13,3,778.94,1
12931.0,31,9,2661.26,2
14803.0,163,3,845.55,1
14753.0,88,1,563.15,1
14461.0,149,3,2086.1099999999997,2
15016.0,173,1,170.04,0
16768.0,48,3,478.09000000000003,1
18130.0,16,3,1042.74,1
13130.0,95,1,64.0,1
15236.0,299,1,321.05,0
13538.0,44,7,1280.85,2
13011.0,373,1,50.550000000000004,0
16498.0,162,2,100.97,0
16966.0,9,7,1973.5299999999997,2
17655.0,11,7,2563.04,2
17612.0,54,6,2021.05,2
12782.0,5,5,1938.92,2
14701.0,11,9,2105.69,2
16226.0,204,3,255.12,0
17624.0,15,2,843.48,1
16671.0,36,2,418.35,1
13003.0,106,3,149.05,1
13481.0,46,5,1804.56,2
12621.0,2,20,11769.009999999998,2
16187.0,32,15,6793.280000000001,2
14875.0,108,2,1308.5700000000002,1
17644.0,2,11,2895.64,2
13575.0,24,5,732.07,2
15140.0,53,7,2275.05,2
16823.0,228,1,357.23999999999995,0
13517.0,60,3,2128.42,2
16583.0,374,1,233.45000000000005,0
14427.0,51,2,363.3400000000001,1
12864.0,139,1,27.599999999999998,0
17160.0,32,6,3488.03,2
12395.0,20,12,2633.56,2
17252.0,117,2,348.91,1
13562.0,82,3,1799.33,2
17997.0,75,8,1857.76,2
13004.0,12,18,5638.15,2
12910.0,24,8,3075.04,2
17033.0,87,3,769.9799999999999,1
13012.0,10,8,1646.8400000000001,2
17913.0,59,2,408.65,1
14087.0,3,1,182.11,1
12432.0,43,4,4089.5199999999995,2
12509.0,285,1,158.5,0
13992.0,31,1,76.8,1
17172.0,79,1,317.76,1
14784.0,27,2,250.04000000000002,1
14307.0,89,6,2944.87,2
17429.0,129,3,498.4800000000001,1
17584.0,8,2,1242.3,1
12808.0,37,3,455.65,1
16570.0,16,10,3738.3999999999996,2
12644.0,130,1,477.91,1
16942.0,13,9,1904.9900000000002,2
18043.0,25,3,512.3399999999999,1
14644.0,68,2,830.76,1
12399.0,120,4,1033.65,1
15452.0,30,3,526.39,1
15819.0,50,4,1905.4499999999998,2
17796.0,41,4,690.0,1
16997.0,289,3,702.0,0
12476.0,16,11,5814.669999999999,2
14713.0,10,11,2657.64,2
16713.0,19,15,6508.0199999999995,2
13627.0,60,5,1414.79,2
18188.0,16,3,2001.04,2
13097.0,33,10,5715.07,2
17522.0,2,5,1057.35,2
13883.0,11,5,2640.5800000000004,2
15675.0,82,3,282.94,1
12678.0,43,9,11797.86,2
13429.0,11,4,997.68,2
12763.0,139,2,494.08000000000004,1
18156.0,13,2,675.6400000000001,1
15555.0,13,16,4622.8099999999995,2
15786.0,47,3,4885.7,2
13772.0,34,3,1104.16,1
18062.0,174,3,720.52,1
13277.0,16,4,258.4,1
15002.0,116,4,1641.7600000000002,2
17779.0,22,3,650.3199999999999,1
17585.0,110,4,1031.3000000000002,1
13552.0,67,12,3740.07,2
17799.0,23,10,2972.37,2
14410.0,93,9,1100.27,2
16025.0,30,1,439.6599999999999,1
12502.0,96,5,2875.22,2
15093.0,19,6,4160.7,2
13827.0,58,3,375.9,1
14237.0,374,1,127.10000000000002,0
14481.0,165,2,636.51,1
13722.0,132,3,2314.9300000000003,2
15738.0,19,16,4778.52,2
14606.0,2,90,11396.780000000002,2
15967.0,24,2,397.68000000000006,1
16905.0,6,7,3003.7000000000003,2
14293.0,4,4,1042.24,2
17450.0,9,32,25997.079999999998,2
13255.0,10,2,399.51,1
16451.0,88,1,266.9700000000001,1
14577.0,13,4,859.71,1
13477.0,38,6,1447.74,2
13644.0,17,4,2516.79,2
17730.0,4,13,5298.48,2
17345.0,16,4,502.74,1
14126.0,8,3,385.85,1
16059.0,66,6,1453.16,2
12620.0,15,3,1298.85,1
15978.0,78,1,1098.78,1
13986.0,18,1,239.82,1
14332.0,23,3,840.21,1
17436.0,2,2,216.3,1
15740.0,50,1,154.88,1
16038.0,8,3,471.78,1
13216.0,268,1,333.74,0
12553.0,9,10,3278.28,2
12991.0,24,2,503.76000000000005,1
17702.0,31,4,1803.73,2
15089.0,11,6,2403.8900000000003,2
15815.0,64,5,1742.5200000000002,2
16380.0,62,1,934.1100000000001,1
17034.0,17,3,730.52,1
18048.0,204,2,172.29000000000002,0
15656.0,46,4,748.5,1
12601.0,190,5,447.11,0
13651.0,40,1,79.19999999999999,1
17901.0,30,1,93.43,1
14785.0,11,2,77.4,1
14015.0,53,1,917.3399999999999,1
16912.0,29,11,2555.58,2
14681.0,72,3,498.95,1
14758.0,145,4,1400.2599999999998,2
16637.0,33,4,1046.62,2
15060.0,9,3,291.18,1
12406.0,23,2,3415.3,2
18205.0,37,2,517.36,1
12783.0,3,4,1292.99,2
16352.0,18,2,494.44,1
12551.0,358,1,168.0,0
14262.0,9,8,2618.23,2
16181.0,74,1,305.54,1
14680.0,26,16,25618.61,2
14936.0,34,8,7955.17,2
14499.0,27,3,806.5400000000001,1
13878.0,55,1,1237.67,1
13971.0,19,8,2758.26,2
17967.0,372,1,112.26999999999998,0
16306.0,214,6,632.2699999999999,0
14485.0,39,1,162.8,1
16932.0,54,1,150.23,1
15070.0,373,1,106.2,0
15326.0,334,1,311.71,0
14226.0,30,4,1855.29,2
15901.0,17,3,324.53000000000003,1
17691.0,359,2,290.4,0
17475.0,80,1,194.37,1
14460.0,111,3,392.58,1
15721.0,12,1,467.4,1
12940.0,55,2,870.6200000000001,1
15556.0,25,1,278.09,1
18181.0,25,1,349.90000000000003,1
15602.0,9,9,1297.87,2
17221.0,8,2,334.18000000000006,1
15297.0,11,3,641.94,1
17816.0,37,4,36.56,1
13238.0,18,4,675.73,1
15777.0,242,4,1047.11,0
17095.0,23,3,1324.1599999999999,1
16357.0,34,3,642.93,1
13610.0,13,7,1057.3799999999999,2
17228.0,16,8,1906.0900000000001,2
12851.0,97,1,113.81,1
16593.0,51,3,330.03,1
15680.0,10,3,1333.6799999999998,1
12599.0,30,7,888.58,2
12347.0,3,7,4060.4000000000005,2
13456.0,18,6,1717.8200000000002,2
13240.0,97,4,663.6500000000001,1
16842.0,101,3,1264.19,1
17664.0,19,2,604.64,1
17330.0,23,2,363.90000000000003,1
14616.0,243,3,406.08000000000004,0
16813.0,9,10,1573.27,2
16442.0,2,3,591.4300000000001,1
16461.0,178,1,126.97000000000001,0
13327.0,39,8,3627.7700000000004,2
17553.0,130,1,237.60000000000002,1
17254.0,5,2,269.73,1
14352.0,158,4,1047.06,1
17183.0,8,6,3262.5600000000004,2
14543.0,29,16,3531.9300000000003,2
14440.0,9,5,2357.6800000000003,2
17434.0,3,7,2357.1,2
17573.0,30,3,380.6,1
17227.0,19,6,928.6100000000001,2
18085.0,331,2,689.95,0
13347.0,71,1,291.36,1
14533.0,25,7,1717.1599999999999,2
14500.0,89,3,356.85,1
16173.0,16,6,1418.3200000000002,2
18145.0,13,4,2824.7599999999998,2
16983.0,13,7,1883.71,2
16638.0,23,10,1522.0600000000002,2
13453.0,166,2,356.98,0
15756.0,62,4,528.01,1
12933.0,25,3,603.15,1
12970.0,8,4,405.46999999999997,1
17321.0,9,2,657.16,1
14232.0,43,5,2043.51,2
18269.0,367,1,168.6,0
12352.0,37,7,1385.7400000000002,2
15681.0,26,5,1426.16,2
14664.0,20,2,636.24,1
12357.0,34,1,6182.67,1
13993.0,43,9,3277.66,2
15351.0,13,7,1934.6600000000003,2
15932.0,5,8,2482.19,2
15154.0,76,1,254.09,1
17306.0,11,15,4882.99,2
13174.0,17,3,2640.92,2
17110.0,166,1,163.29999999999998,0
14142.0,374,1,311.81,0
14862.0,26,2,826.04,1
15734.0,115,2,1339.45,1
13983.0,30,10,1728.87,2
13507.0,4,4,2465.48,2
14513.0,207,2,317.35,0
17750.0,6,9,1676.06,2
12993.0,24,4,414.76,1
14495.0,51,2,123.8,1
17757.0,2,30,5326.030000000001,2
13549.0,26,7,918.2,2
15000.0,48,1,490.52000000000004,1
15971.0,18,11,3218.85,2
15525.0,3,3,731.4899999999999,1
14021.0,156,3,631.9,1
16341.0,25,4,1971.87,2
17593.0,4,5,3894.22,2
13225.0,4,6,4066.3200000000006,2
16455.0,64,7,1841.1799999999998,2
17557.0,15,3,541.46,1
16094.0,12,4,1078.23,2
17122.0,120,1,138.32,1
14463.0,99,3,514.62,1
18041.0,12,21,4085.49,2
15189.0,2,41,15634.95,2
13269.0,2,15,5314.9400000000005,2
16168.0,11,26,3529.84,2
12455.0,74,5,2181.46,2
16930.0,27,3,373.19000000000005,1
15079.0,213,3,773.76,0
14077.0,41,5,499.41999999999996,1
14808.0,40,7,2233.28,2
17576.0,9,19,3528.08,2
16014.0,38,3,631.83,1
16954.0,1,9,2085.08,2
14243.0,9,10,2584.21,2
14379.0,45,2,348.09999999999997,1
18071.0,258,2,453.00000000000006,0
16283.0,6,5,1512.88,2
12446.0,58,1,1002.31,1
15073.0,10,3,1043.4099999999999,1
16325.0,47,3,594.24,1
17954.0,6,12,2193.17,2
13155.0,34,4,971.76,2
15572.0,5,7,2318.35,2
16686.0,48,7,2780.02,2
13816.0,24,2,459.7200000000001,1
16828.0,113,1,113.5,1
16239.0,57,2,414.20000000000005,1
16078.0,284,1,79.2,0
16762.0,20,3,1127.34,1
15708.0,41,7,3235.25,2
15039.0,10,47,19252.93,2
16801.0,164,4,1477.48,2
18236.0,30,6,882.24,2
15500.0,9,4,995.9600000000002,2
16394.0,57,5,1383.9799999999998,2
16915.0,10,6,471.8299999999999,1
13110.0,32,7,1454.77,2
13080.0,180,1,54.72,0
16249.0,53,5,1800.07,2
18105.0,38,1,113.48,1
16072.0,289,1,509.8,0
15696.0,34,8,2651.16,2
17428.0,1,28,16149.73,2
13246.0,19,6,1961.52,2
16217.0,236,2,304.25,0
14625.0,197,2,865.73,0
14179.0,41,2,701.57,1
17165.0,285,1,158.68,0
14561.0,76,3,1071.64,1
14998.0,171,2,414.86999999999995,0
15213.0,319,2,328.34999999999997,0
14795.0,167,1,131.45000000000002,0
15095.0,104,4,1370.6,2
18053.0,71,1,300.02,1
14108.0,31,2,581.26,1
12811.0,262,2,459.85,0
16717.0,24,6,3803.1299999999997,2
16027.0,138,4,215.22000000000003,1
16705.0,1,20,13398.15,2
17631.0,2,3,499.98,1
13802.0,139,3,4057.42,2
18189.0,78,2,1090.24,1
13591.0,65,3,1117.13,1
12872.0,327,2,599.97,0
18272.0,3,6,3078.58,2
14698.0,2,5,1214.23,2
16743.0,30,7,2207.37,2
14628.0,92,2,655.0100000000001,1
17054.0,29,5,1316.38,2
15237.0,2,4,1388.5300000000002,2
12372.0,72,3,1196.04,1
14508.0,23,2,268.05,1
16947.0,236,1,406.48,0
18104.0,38,1,754.6400000000001,1
17866.0,143,1,329.65000000000003,1
16009.0,23,4,972.11,2
16050.0,174,1,119.54,0
14821.0,367,1,48.800000000000004,0
13525.0,15,2,164.78,1
16777.0,81,2,222.62,1
15518.0,65,8,1921.55,2
12491.0,39,1,424.40000000000003,1
12370.0,52,4,3300.98,2
12963.0,9,8,1856.6299999999999,2
13654.0,44,6,2573.67,2
14514.0,62,3,990.1999999999999,1
12731.0,24,12,17163.45,2
17889.0,213,2,201.37,0
13373.0,61,3,3306.49,2
16466.0,34,7,1579.01,2
18226.0,45,11,5200.69,2
13531.0,206,2,483.80000000000007,0
13396.0,30,2,1335.9899999999998,1
15395.0,326,1,107.45,0
13389.0,12,3,782.96,1
12762.0,8,2,1702.52,1
15232.0,114,2,612.06,1
17739.0,12,7,2791.3500000000004,2
13643.0,32,3,519.44,1
15004.0,148,1,1185.99,1
15260.0,101,7,1794.82,2
15330.0,33,2,294.48,1
14646.0,3,63,158949.56,2
14662.0,29,4,741.3700000000001,1
14547.0,4,8,3836.82,2
15271.0,8,15,2435.49,2
17673.0,2,6,1580.5700000000002,2
12483.0,18,8,1901.86,2
13177.0,65,1,282.45,1
13131.0,24,3,1073.3,1
14174.0,34,1,134.46,1
13668.0,3,21,6055.76,2
17351.0,37,3,586.2,1
12688.0,114,1,4527.87,1
16045.0,120,4,1340.6999999999998,2
16149.0,5,2,271.4,1
16174.0,127,3,551.9499999999999,1
17772.0,11,2,173.45000000000005,1
17504.0,207,9,2963.1299999999997,2
17341.0,157,3,682.2900000000001,1
16218.0,30,7,3084.68,2
15646.0,158,3,444.76000000000005,1
14309.0,9,9,2189.57,2
15192.0,120,3,1040.96,1
13928.0,11,4,464.57,1
14923.0,51,1,749.0999999999999,1
14051.0,1,23,15595.390000000001,2
12474.0,18,18,6567.740000000001,2
13148.0,30,12,3572.8,2
16098.0,88,7,1762.23,2
12523.0,20,11,1657.82,2
16006.0,212,1,101.40000000000002,0
13862.0,19,8,2209.36,2
13375.0,89,1,778.65,1
16091.0,155,2,315.06,1
17671.0,16,4,1336.15,2
13611.0,90,3,1154.4,1
14570.0,281,2,218.06000000000003,0
13887.0,205,1,349.55,0
17738.0,20,4,1823.6399999999999,2
16293.0,22,10,2179.49,2
15414.0,10,3,757.02,1
15342.0,130,1,406.09,1
17481.0,4,4,1219.1100000000001,2
16011.0,9,16,3352.96,2
16670.0,17,11,4089.1800000000003,2
16720.0,27,1,152.95000000000002,1
16086.0,60,5,1121.3899999999999,2
17719.0,38,15,5359.57,2
16407.0,13,10,2079.68,2
14449.0,19,4,874.78,1
14383.0,39,3,1239.13,1
15272.0,58,2,721.94,1
13875.0,54,5,1786.79,2
13092.0,71,5,469.51,1
14056.0,2,23,8151.950000000001,2
13670.0,76,1,349.7,1
15101.0,9,2,317.53,1
16567.0,195,2,704.5600000000001,0
12524.0,10,8,3577.2800000000007,2
16533.0,20,3,1082.81,1
14218.0,43,1,164.92000000000002,1
12738.0,373,1,137.35,0
17509.0,58,8,6083.64,2
17521.0,30,3,723.2099999999999,1
15115.0,19,1,306.81000000000006,1
12633.0,59,4,1717.9800000000002,2
18170.0,34,3,980.3100000000001,1
16919.0,157,11,2590.73,2
15456.0,284,3,402.07,0
17653.0,39,3,653.1199999999999,1
17220.0,25,14,3153.65,2
13487.0,58,3,575.4,1
13924.0,2,6,1772.67,2
12689.0,26,2,1139.61,1
16266.0,74,7,861.8899999999999,2
13978.0,15,2,186.47,1
16190.0,41,1,125.23000000000002,1
14236.0,81,2,490.85999999999996,1
14733.0,17,12,9585.91,2
16233.0,72,3,536.6800000000001,1
17656.0,74,5,1622.13,2
15046.0,10,15,4331.4400000000005,2
14534.0,3,18,4316.42,2
17190.0,59,1,249.73999999999998,1
14573.0,180,9,1585.0100000000002,2
12546.0,47,2,1009.9800000000001,1
15661.0,318,2,309.79999999999995,0
16513.0,5,4,874.59,1
16315.0,331,1,209.41999999999996,0
12353.0,205,1,89.0,0
17956.0,250,1,12.75,0
15365.0,26,7,2314.3200000000006,2
18245.0,8,7,2562.5,2
13709.0,4,13,6232.65,2
13488.0,18,13,8826.16,2
15513.0,34,18,13948.48,2
15298.0,3,11,3793.9000000000005,2
14344.0,128,8,849.98,2
18106.0,330,1,421.90000000000003,0
14967.0,50,1,463.79999999999995,1
13865.0,59,4,501.56,1
17404.0,5,10,10600.06,2
17139.0,16,12,10260.070000000002,2
14290.0,12,5,2274.7,2
14276.0,99,3,1119.7399999999998,1
17059.0,30,5,3080.3900000000003,2
17402.0,5,12,2598.85,2
15065.0,38,4,2752.53,2
17289.0,32,3,931.02,1
13850.0,130,1,1595.48,1
16319.0,218,1,404.40000000000003,0
16616.0,16,2,420.52000000000004,1
12695.0,8,4,577.54,1
16474.0,8,7,1805.92,2
13044.0,292,1,560.47,0
13889.0,93,1,416.9,1
17516.0,16,5,724.98,2
15321.0,71,3,2748.3100000000004,2
12824.0,60,1,397.12,1
14389.0,66,2,1043.46,1
15651.0,37,3,646.3,1
16639.0,32,3,1257.5100000000002,1
17995.0,282,1,23.6,0
16475.0,144,3,459.29999999999995,1
15940.0,312,1,35.8,0
13047.0,32,10,3237.54,2
12626.0,24,9,5954.48,2
15110.0,24,4,756.4,1
17255.0,41,2,291.48,1
13280.0,123,3,798.4599999999999,1
17198.0,24,3,692.22,1
15218.0,11,11,4708.89,2
15649.0,337,2,816.0,0
12622.0,233,1,162.1,0
14528.0,38,1,364.21999999999997,1
13159.0,9,4,1429.35,2
15512.0,156,2,121.0,0
15856.0,5,27,15277.57,2
13213.0,57,5,1408.52,2
13520.0,59,6,2984.35,2
13758.0,12,7,3079.8199999999997,2
13495.0,8,5,2044.8700000000001,2
12444.0,22,5,3647.61,2
13509.0,9,6,964.72,2
18165.0,178,1,297.9000000000001,0
18168.0,177,6,1160.04,2
16628.0,30,5,2188.05,2
16855.0,24,2,328.4,1
13632.0,25,5,2118.9300000000003,2
14829.0,30,4,697.55,1
15199.0,60,4,1268.6999999999998,2
17548.0,234,1,103.3,0
14456.0,6,9,2970.74,2
14367.0,9,16,9227.819999999998,2
15874.0,64,7,3673.9300000000003,2
15850.0,20,2,227.85,1
14741.0,12,6,1306.74,2
15678.0,53,1,352.7,1
12712.0,29,13,3903.13,2
15429.0,27,2,397.3499999999999,1
15027.0,31,4,1066.15,2
13743.0,3,7,1202.3999999999999,2
17917.0,46,3,315.67999999999995,1
12840.0,144,4,2726.7699999999995,2
14446.0,1,4,995.9800000000001,2
12492.0,64,2,227.21,1
17268.0,151,1,35.0,0
17314.0,25,8,2472.24,2
14395.0,3,9,3479.9100000000003,2
17302.0,15,5,1135.63,2
12528.0,10,6,1628.53,2
15437.0,263,1,200.16,0
16348.0,33,7,1241.5900000000001,2
17489.0,59,2,376.64,1
17530.0,2,10,2290.27,2
13196.0,12,4,1723.9300000000003,2
13229.0,226,1,160.95,0
13764.0,71,3,1513.23,1
15265.0,152,2,1489.17,1
14355.0,366,1,174.39999999999998,0
14078.0,102,6,1049.37,2
15527.0,19,8,2428.5299999999997,2
15406.0,32,2,501.59000000000003,1
12817.0,282,1,126.03999999999999,0
15948.0,9,2,955.24,1
17015.0,29,3,1838.61,2
17510.0,25,1,308.48,1
18155.0,76,3,371.62,1
13420.0,150,2,159.85,0
17628.0,82,1,75.75,1
15668.0,218,1,76.32000000000001,0
12681.0,15,22,12347.779999999999,2
13064.0,13,4,1085.6399999999999,2
12901.0,11,18,3568.9200000000005,2
17594.0,86,2,993.18,1
12694.0,71,2,757.11,1
18185.0,250,1,304.25,0
16013.0,4,33,17660.620000000003,2
12589.0,29,2,574.6800000000001,1
14778.0,128,2,730.8600000000001,1
16186.0,23,12,4006.9400000000005,2
12828.0,3,6,1001.76,2
17800.0,38,9,1187.21,2
15222.0,319,1,585.0,0
15356.0,32,10,2718.0300000000007,2
13636.0,37,5,918.19,2
13018.0,17,28,7230.719999999999,2
17841.0,2,123,38633.369999999995,2
15005.0,16,28,6248.209999999999,2
14001.0,46,3,2043.08,2
12582.0,239,2,351.36,0
17515.0,32,4,639.02,1
16070.0,23,2,849.27,1
15579.0,69,2,327.6,1
16680.0,44,1,183.70000000000002,1
16232.0,44,4,986.32,2
15852.0,187,2,160.70999999999998,0
17736.0,10,2,337.49,1
13680.0,2,4,3719.1200000000003,2
15246.0,239,2,514.15,0
12841.0,5,25,3897.71,2
15793.0,15,3,948.96,1
12778.0,20,6,693.23,2
14824.0,11,4,1127.71,2
12897.0,205,2,216.5,0
18169.0,61,1,202.65000000000003,1
13748.0,96,5,948.2500000000001,2
16295.0,10,4,1328.55,2
14188.0,31,6,2054.36,2
13233.0,75,2,582.3199999999999,1
12468.0,188,2,657.54,0
14540.0,10,3,952.66,1
13750.0,54,5,1647.2600000000002,2
16016.0,4,8,1431.61,2
15251.0,10,10,9152.19,2
15531.0,9,2,1960.0399999999997,1
13544.0,40,2,276.05999999999995,1
13450.0,27,6,1940.04,2
13070.0,193,1,228.8,0
14597.0,12,2,866.24,1
16629.0,74,2,390.34999999999997,1
12493.0,166,2,362.79,0
14024.0,122,2,327.7,1
15776.0,134,1,234.77999999999997,1
13607.0,41,1,674.37,1
16561.0,6,2,511.12,1
15067.0,79,3,1704.8600000000001,2
13142.0,20,1,307.09000000000003,1
15160.0,358,1,158.16,0
15397.0,290,1,94.0,0
18277.0,59,1,110.38,1
18263.0,26,3,1185.04,1
13763.0,64,1,1714.96,1
12967.0,359,2,1301.5,0
13161.0,314,1,112.75,0
18058.0,10,1,170.16,1
16208.0,45,2,642.31,1
14306.0,52,2,1885.64,1
14959.0,65,4,695.42,1
17343.0,356,1,176.69,0
16056.0,46,1,650.75,1
15567.0,19,1,174.49,1
14208.0,95,1,151.74,1
17881.0,305,1,133.35000000000002,0
15707.0,36,4,916.98,1
15398.0,17,2,1345.5300000000002,1
13927.0,75,1,348.99,1
18126.0,61,1,200.52000000000004,1
17060.0,267,1,81.60000000000001,0
17298.0,102,2,496.52,1
14165.0,276,1,120.44000000000001,0
12581.0,40,1,179.70999999999998,1
17138.0,276,1,380.50000000000006,0
15149.0,134,1,520.8,1
14270.0,332,1,492.65,0
14048.0,306,1,409.93,0
15950.0,32,4,1744.71,2
15674.0,74,4,2100.49,2
17263.0,209,1,63.440000000000005,0
15017.0,34,1,125.58000000000001,1
13284.0,331,1,201.18999999999997,0
12667.0,59,1,455.57,1
17923.0,283,1,207.50000000000003,0
13719.0,16,5,1016.68,2
13744.0,96,2,1038.76,1
13573.0,51,2,267.21,1
14910.0,3,4,434.34999999999997,1
12690.0,206,1,335.01,0
13577.0,26,4,1687.6,2
18251.0,88,1,306.0,1
14985.0,199,2,290.33000000000004,0
12424.0,163,2,1608.32,1
13370.0,372,1,754.87,0
16349.0,291,1,37.55,0
15843.0,304,1,118.95000000000002,0
17649.0,139,1,851.54,1
15886.0,61,1,172.45,1
15405.0,190,1,349.1,0
13673.0,19,2,357.49,1
15667.0,40,1,301.32000000000005,1
17805.0,74,1,327.99,1
16665.0,363,1,135.39999999999998,0
16178.0,139,1,197.89999999999998,1
17203.0,36,6,3338.68,2
16330.0,18,3,251.67,1
17874.0,186,6,649.56,1
16610.0,220,1,75.65999999999998,0
13979.0,74,1,866.9900000000001,1
14038.0,79,3,1560.38,1
14368.0,320,1,155.0,0
13015.0,54,5,3027.69,2
13095.0,71,1,74.39999999999999,1
12473.0,54,3,2489.09,2
18027.0,99,1,115.31,1
18015.0,5,1,120.02999999999997,1
13484.0,242,1,313.8,0
15748.0,41,1,144.36,1
15247.0,123,1,356.0,1
17525.0,360,1,422.7,0
16773.0,58,1,171.59,1
13026.0,2,4,761.28,1
13127.0,78,1,259.17,1
12356.0,23,3,2487.43,2
16347.0,12,2,797.45,1
16460.0,29,3,789.87,1
13427.0,20,3,582.5999999999999,1
14105.0,240,1,1266.23,0
14476.0,258,1,193.0,0
14484.0,51,1,321.91999999999996,1
13598.0,48,1,160.04000000000002,1
12950.0,3,3,1699.0,2
16344.0,159,1,101.10000000000001,0
15075.0,78,1,773.03,1
15725.0,16,1,415.25,1
13514.0,74,1,152.20000000000002,1
13302.0,156,1,63.75,0
15706.0,64,4,1060.56,2
17962.0,143,1,101.31,0
12833.0,146,1,417.38,1
13379.0,27,3,554.8900000000001,1
17856.0,2,4,663.83,1
17535.0,281,1,164.39999999999998,0
13122.0,95,2,922.39,1
16936.0,26,1,255.06000000000003,1
17942.0,8,1,77.50000000000001,1
18180.0,5,6,1825.5100000000002,2
12703.0,72,1,265.55,1
14689.0,209,1,112.8,0
15877.0,2,2,489.57,1
17604.0,218,2,309.36,0
17499.0,290,1,622.88,0
12401.0,304,1,69.3,0
16112.0,144,3,102.62,0
12657.0,12,4,1217.1800000000003,2
12630.0,10,2,1013.9300000000001,1
15763.0,32,2,991.07,1
12587.0,8,1,104.0,1
17650.0,22,1,166.07999999999998,1
15883.0,3,2,396.48,1
16980.0,256,2,795.2600000000001,0
16023.0,47,3,718.67,1
16124.0,318,1,113.39999999999999,0
14888.0,208,1,369.2,0
16281.0,73,1,1756.7800000000002,1
14553.0,20,5,687.24,2
18228.0,57,2,779.9,1
17712.0,45,1,443.01,1
14053.0,125,2,260.25,1
13329.0,32,2,789.0,1
18192.0,72,1,957.9699999999999,1
13376.0,100,3,869.76,1
13710.0,32,1,175.92000000000002,1
13639.0,75,1,795.74,1
12364.0,8,3,1143.3000000000002,1
15703.0,265,1,211.5,0
15691.0,253,1,136.8,0
15592.0,47,1,388.58000000000004,1
12847.0,23,1,830.72,1
17531.0,191,1,296.7,0
12718.0,72,1,197.69000000000003,1
16433.0,29,1,184.26000000000002,1
12873.0,283,1,374.0,0
17123.0,162,1,345.3,0
15745.0,20,4,1094.5900000000001,2
13304.0,352,1,300.42,0
14079.0,125,1,343.2,1
16758.0,66,1,369.34,1
12982.0,243,1,390.53999999999996,0
17092.0,51,4,1740.13,2
16482.0,16,1,216.05999999999997,1
17458.0,16,1,314.82,1
13033.0,358,1,190.55,0
15216.0,88,1,96.6,1
12952.0,6,4,1319.9900000000002,2
18177.0,32,6,1340.87,2
15243.0,75,1,316.68,1
14670.0,281,2,392.86,0
17623.0,33,1,527.05,1
16248.0,62,1,152.94,1
12391.0,22,1,422.71000000000004,1
17767.0,16,1,271.20000000000005,1
16917.0,277,1,391.52,0
12590.0,212,1,8951.259999999998,0
14550.0,11,2,757.37,1
16339.0,285,1,94.05,0
16026.0,44,1,236.09,1
13294.0,190,2,873.74,0
15489.0,23,3,1134.2800000000002,1
13258.0,12,3,672.83,1
16956.0,18,1,308.74000000000007,1
12966.0,10,1,160.18,1
16427.0,264,2,241.06,0
17500.0,30,1,33.0,1
12489.0,337,1,267.03000000000003,0
16792.0,283,2,110.38000000000001,0
15386.0,187,1,394.14,0
14339.0,243,1,309.52,0
12893.0,31,1,176.55,1
13109.0,60,2,779.6999999999999,1
14953.0,26,1,271.99,1
16113.0,184,1,145.42999999999998,0
12591.0,318,1,368.84999999999997,0
16959.0,88,1,117.35,1
15464.0,339,1,883.9,0
14869.0,9,2,704.5,1
16751.0,31,1,515.52,1
14642.0,59,1,96.12,1
15206.0,11,4,420.29999999999995,1
16116.0,212,1,612.78,0
12534.0,131,1,962.2299999999999,1
15951.0,9,2,708.2199999999999,1
13300.0,170,1,371.88999999999993,0
15766.0,65,1,315.06,1
17600.0,18,1,142.52,1
16603.0,75,2,475.59000000000003,1
13760.0,55,2,286.79,1
13005.0,174,2,513.7,0
18154.0,4,2,399.19,1
16527.0,82,1,223.5,1
14894.0,86,1,655.75,1
12618.0,22,1,137.31,1
15610.0,52,1,112.46,1
14382.0,27,1,533.16,1
15970.0,304,1,314.1,0
12547.0,198,2,151.79999999999998,0
13359.0,64,1,389.56,1
17727.0,16,1,1060.2500000000002,1
17242.0,109,2,1135.04,1
13153.0,6,1,486.22,1
15174.0,323,1,135.75,0
17639.0,277,1,108.5,0
12571.0,40,2,512.77,1
13898.0,326,1,142.25,0
17520.0,54,1,510.34999999999997,1
16838.0,198,2,387.9,0
15147.0,241,1,623.5,0
17704.0,169,2,880.63,1
15554.0,278,1,217.2,0
18151.0,135,2,653.35,1
15491.0,96,6,2965.16,2
17746.0,241,1,110.25,0
13503.0,72,1,216.85,1
15746.0,135,1,196.88,1
12949.0,31,8,4167.219999999999,2
17914.0,4,1,322.52,1
17384.0,20,2,336.4,1
16256.0,267,1,752.4300000000001,0
15609.0,185,1,281.53,0
15262.0,324,1,178.95,0
15820.0,320,1,206.98000000000002,0
18239.0,219,5,1561.6100000000001,2
16022.0,261,1,602.63,0
15274.0,5,2,707.45,1
14012.0,278,1,328.79999999999995,0
15123.0,8,2,2199.31,1
18160.0,58,2,638.06,1
14204.0,3,1,150.23,1
14542.0,186,1,103.25,0
14090.0,325,1,76.32000000000001,0
17925.0,373,1,244.08,0
14037.0,177,2,147.20000000000002,0
13762.0,219,1,306.71999999999997,0
13663.0,180,1,189.47,0
15585.0,177,1,450.74,0
15866.0,102,1,177.99,1
17941.0,131,1,139.2,1
17843.0,304,1,200.68,0
15541.0,115,1,85.13,1
13356.0,81,1,751.29,1
14349.0,11,1,133.50000000000003,1
12390.0,80,1,470.94,1
18276.0,44,1,335.86,1
15797.0,305,1,1228.8,0
16055.0,221,1,93.9,0
15578.0,163,1,127.1,0
17955.0,219,3,394.09999999999997,0
16676.0,34,4,1512.2199999999998,2
12648.0,155,1,300.05,0
13659.0,206,2,1432.1000000000001,0
16412.0,54,1,135.99,1
13260.0,62,1,557.6199999999999,1
14459.0,156,1,1837.92,1
15163.0,19,2,304.47,1
13560.0,8,1,171.42000000000002,1
12513.0,113,1,558.29,1
17206.0,54,1,204.24,1
14792.0,64,1,6.2,1
12593.0,109,3,382.1,1
13650.0,17,6,1836.3400000000001,2
18097.0,8,6,2648.0,2
14806.0,76,1,193.39,1
13936.0,180,1,369.73999999999995,0
16376.0,9,2,939.1399999999999,1
14320.0,207,2,477.7900000000001,0
12631.0,58,1,480.5,1
13745.0,163,1,300.04,0
13922.0,352,1,172.25,0
15054.0,13,2,301.72,1
15988.0,20,1,132.83,1
17222.0,66,1,328.65,1
13058.0,25,3,271.4,1
16641.0,106,1,231.10000000000002,1
16784.0,20,1,107.6,1
12418.0,113,1,668.58,1
16811.0,5,2,528.8299999999999,1
16529.0,191,1,455.25000000000006,0
13045.0,100,1,305.28,1
15069.0,180,1,1092.5800000000002,0
14929.0,33,1,223.88000000000002,1
15361.0,362,1,215.4,0
16043.0,38,4,689.24,1
15148.0,11,1,298.41,1
15215.0,47,3,709.9399999999999,1
14830.0,54,1,183.37,1
17707.0,186,2,152.4,0
18064.0,134,2,814.0,1
16565.0,365,1,173.7,0
16419.0,113,6,958.71,2
15264.0,65,1,393.74,1
17303.0,362,1,233.08999999999997,0
13411.0,108,1,213.55,1
13182.0,46,1,121.17999999999999,1
13877.0,87,1,117.24000000000001,1
13501.0,289,1,1340.3200000000002,0
12715.0,107,1,263.36,1
15857.0,19,1,297.0,1
16897.0,300,2,289.78000000000003,0
13428.0,11,1,201.4,1
12945.0,289,1,462.95,0
12514.0,268,1,1017.6800000000001,0
15821.0,45,2,554.01,1
14958.0,148,3,435.88,1
14250.0,8,3,1904.0500000000002,2
16200.0,5,2,1034.9699999999998,1
15549.0,78,3,1633.6100000000001,2
18240.0,47,1,419.70000000000005,1
13893.0,298,1,821.1,0
13821.0,145,2,385.64,1
13391.0,204,1,59.8,0
14622.0,185,1,320.5799999999999,0
16978.0,78,1,344.33,1
14544.0,25,2,1883.67,1
15158.0,46,1,401.40000000000003,1
18018.0,109,2,89.31,1
13405.0,205,2,557.4499999999999,0
12886.0,68,2,1378.4,1
17670.0,228,1,205.7,0
14016.0,162,4,4207.97,2
13165.0,47,2,982.1199999999999,1
15729.0,213,1,85.0,0
14238.0,327,1,146.85,0
14714.0,25,1,79.55,1
16386.0,29,2,302.45,1
18045.0,46,1,178.34,1
15316.0,327,1,165.0,0
15645.0,19,1,612.01,1
14583.0,6,5,974.39,2
16739.0,177,1,323.0,0
17723.0,173,4,1201.4,1
18009.0,236,1,247.39000000000004,0
13832.0,20,1,52.199999999999996,1
15744.0,78,1,34.8,1
18262.0,141,1,143.72,0
14081.0,303,2,921.6200000000001,0
15392.0,5,4,1509.94,2
14893.0,10,2,1212.9,1
15280.0,173,1,111.68,0
15025.0,34,1,361.96,1
16824.0,16,2,460.64,1
14453.0,191,1,119.93,0
12354.0,233,1,1028.5500000000002,0
17947.0,38,1,176.68,1
13017.0,8,1,204.0,1
12359.0,58,4,4754.780000000001,2
12477.0,23,6,13168.89,2
14219.0,5,1,89.94,1
16988.0,6,1,126.12,1
15184.0,30,2,397.64,1
12565.0,289,1,145.92,0
15208.0,2,5,870.12,2
16447.0,136,1,255.90999999999997,1
16625.0,275,1,333.08,0
17496.0,359,1,251.10000000000002,0
13311.0,5,2,581.6200000000001,1
13860.0,2,5,1236.78,2
17789.0,282,1,225.90000000000003,0
13731.0,220,2,610.5899999999999,0
16878.0,85,1,13.3,1
16969.0,40,3,618.1299999999999,1
14629.0,5,2,920.8199999999999,1
13431.0,68,2,1269.1,1
12374.0,26,1,589.03,1
13835.0,26,4,817.62,1
12607.0,61,1,1562.56,1
14371.0,296,1,100.5,0
15830.0,38,1,576.0,1
13101.0,235,1,101.19,0
15399.0,2,3,815.77,1
13308.0,23,3,1325.0299999999997,1
13242.0,113,3,270.40000000000003,1
16689.0,76,2,370.76,1
13339.0,201,1,826.22,0
12863.0,53,1,521.2,1
13814.0,93,2,1477.42,1
12384.0,29,2,425.27,1
12579.0,79,1,386.42,1
13570.0,244,1,239.49,0
16765.0,295,1,34.0,0
13587.0,64,1,413.0,1
14951.0,80,1,305.21000000000004,1
14861.0,53,1,125.78999999999999,1
13474.0,237,1,226.83999999999997,0
16971.0,39,1,207.21,1
14946.0,15,1,100.9,1
17100.0,19,2,971.7400000000001,1
16302.0,127,1,233.22000000000003,1
16488.0,34,3,398.66,1
15790.0,11,1,218.75,1
16934.0,55,2,906.0800000000002,1
16297.0,269,1,301.9,0
15360.0,40,1,427.93,1
18209.0,29,1,139.1,1
12548.0,167,1,67.19999999999999,0
17538.0,26,1,92.66000000000001,1
17550.0,198,3,267.16,0
13569.0,18,2,321.67,1
13168.0,37,4,1299.5900000000001,2
15438.0,132,1,156.57999999999998,1
13589.0,15,2,354.65,1
17117.0,289,1,116.2,0
15068.0,47,2,544.6,1
14891.0,149,2,554.38,1
12452.0,17,1,350.57000000000005,1
18113.0,369,1,76.32000000000001,0
15168.0,26,1,106.56,1
17660.0,142,1,178.75,0
14224.0,111,4,918.9799999999999,1
17666.0,4,2,728.16,1
14867.0,186,3,710.28,0
15582.0,25,3,682.91,1
13416.0,44,2,712.5,1
15604.0,53,1,216.39,1
13805.0,53,2,542.48,1
13848.0,298,1,135.0,0
14196.0,107,1,335.52,1
14847.0,149,1,309.4,1
15182.0,155,2,622.8499999999999,1
15234.0,277,1,185.96000000000004,0
13638.0,16,1,122.64,1
15475.0,78,1,454.11,1
18176.0,359,1,476.3500000000001,0
15052.0,320,1,127.82999999999998,0
15388.0,271,1,140.54,0
17506.0,76,1,302.2,1
14046.0,285,1,144.75,0
17359.0,12,1,127.86000000000001,1
13307.0,121,1,15.0,0
14466.0,30,7,2272.4,2
15952.0,34,4,781.9100000000001,1
18158.0,10,2,453.4,1
15019.0,267,1,252.81000000000003,0
14041.0,267,1,141.40999999999997,0
13689.0,64,1,910.0,1
17148.0,52,1,124.88,1
16927.0,277,2,139.85,0
16097.0,241,1,185.05,0
13419.0,64,1,221.06,1
17501.0,221,2,288.59999999999997,0
18005.0,4,2,209.14000000000004,1
16906.0,82,4,539.6400000000001,1
16450.0,150,1,311.92,0
14235.0,76,5,3144.86,2
17456.0,366,1,249.86,0
12713.0,1,1,794.5500000000001,1
16333.0,193,1,177.60000000000002,0
17291.0,309,1,550.8000000000001,0
14314.0,107,1,101.52000000000001,1
16572.0,128,3,973.6500000000001,1
15880.0,370,1,312.08000000000004,0
13581.0,310,1,118.0,0
18281.0,181,1,46.92,0
17680.0,24,1,184.4,1
13357.0,258,1,593.4499999999999,0
15032.0,257,3,3639.1,0
15047.0,270,1,343.62,0
15834.0,71,3,1922.4,2
15171.0,332,1,1289.5,0
15286.0,50,1,240.55,1
12386.0,338,2,401.9,0
13243.0,204,1,585.1200000000001,0
18215.0,90,1,299.34000000000003,1
12358.0,2,2,928.0600000000001,1
13447.0,24,3,1112.4900000000002,1
18203.0,158,1,160.42,0
17486.0,262,1,396.87,0
14465.0,247,3,1038.44,0
15695.0,267,2,409.97999999999996,0
18150.0,33,3,566.5799999999999,1
14474.0,47,1,514.36,1
15822.0,4,2,885.47,1
15120.0,134,1,302.91999999999996,1
13404.0,2,2,252.49,1
12865.0,27,2,1443.8200000000002,1
13583.0,156,1,776.47,1
16322.0,2,2,320.28999999999996,1
15864.0,67,4,1173.12,2
16351.0,333,1,153.9,0
13049.0,65,2,656.6800000000001,1
16623.0,246,1,129.45,0
18120.0,215,1,111.15,0
17701.0,253,1,417.95,0
13244.0,93,1,121.74,1
15917.0,248,1,123.1,0
13466.0,185,1,307.9,0
13038.0,81,3,908.4599999999999,1
17951.0,40,3,1008.54,1
16685.0,62,2,317.4,1
17142.0,240,1,384.0,0
13343.0,178,1,303.42999999999995,0
17678.0,264,1,298.11,0
14633.0,267,1,344.90000000000003,0
12611.0,53,1,1049.32,1
14098.0,37,1,147.35,1
13345.0,288,1,339.50000000000006,0
13166.0,284,1,417.19999999999993,0
14532.0,237,4,915.9000000000001,0
15276.0,67,1,128.06,1
12725.0,372,1,371.79999999999995,0
14675.0,17,1,596.3599999999999,1
15653.0,116,1,48.0,0
17761.0,33,1,712.7800000000001,1
16270.0,354,1,1073.44,0
17578.0,219,1,143.45999999999998,0
16337.0,37,1,151.05,1
16884.0,38,2,429.84,1
12891.0,293,1,42.0,0
17115.0,9,3,837.5,1
14247.0,279,1,136.77,0
13853.0,58,1,1090.14,1
16619.0,264,1,226.20999999999998,0
16756.0,215,1,239.39999999999998,0
12871.0,85,2,380.64,1
12821.0,215,1,92.72,0
17277.0,228,2,1065.3500000000001,0
14782.0,320,1,200.10000000000002,0
16485.0,78,1,355.2900000000001,1
17274.0,36,1,107.82,1
12573.0,228,1,160.54000000000002,0
17977.0,30,1,208.33999999999997,1
15895.0,150,1,179.17,0
16383.0,75,2,643.76,1
15576.0,38,1,921.37,1
16542.0,54,1,119.62,1
13771.0,65,4,2634.45,2
13588.0,16,9,2441.6899999999996,2
16612.0,33,4,1187.6599999999999,2
14152.0,76,2,610.25,1
17180.0,57,4,783.97,1
14488.0,68,1,1064.28,1
15888.0,81,1,167.74,1
12792.0,257,1,344.54,0
17094.0,323,1,302.0,0
16471.0,275,1,223.95000000000002,0
16206.0,55,4,537.06,1
17357.0,25,2,384.39,1
16499.0,361,2,365.45,0
16198.0,76,1,400.68,1
17333.0,86,1,494.24999999999994,1
18067.0,41,1,396.33,1
12852.0,295,1,311.55000000000007,0
13434.0,75,2,534.24,1
16861.0,60,2,173.76,1
12884.0,89,1,139.05,1
13364.0,72,1,134.96,1
14657.0,18,4,848.22,1
13176.0,47,1,445.22999999999996,1
12938.0,26,1,114.13999999999999,1
15006.0,52,1,475.11000000000007,1
15322.0,86,1,679.6800000000001,1
17217.0,235,1,113.5,0
14885.0,132,1,765.32,1
17134.0,107,2,413.20000000000005,1
15035.0,90,1,241.21,1
15589.0,256,3,456.58000000000004,0
12430.0,44,1,216.4,1
16429.0,107,1,4.95,0
14195.0,202,2,375.20000000000005,0
18086.0,275,1,101.34,0
15603.0,79,1,48.480000000000004,1
14357.0,44,1,225.12000000000003,1
15561.0,12,4,800.5899999999999,1
13278.0,41,1,539.37,1
16504.0,26,1,456.92,1
15503.0,363,1,141.04,0
13858.0,58,1,216.17000000000002,1
18069.0,27,5,2007.9099999999999,2
16430.0,58,1,300.85,1
12501.0,337,1,1981.08,0
17932.0,30,3,1331.5700000000002,1
16667.0,69,2,533.28,1
17503.0,3,2,549.84,1
12371.0,60,1,1527.9600000000003,1
13016.0,74,3,722.09,1
17904.0,22,1,181.07,1
12596.0,52,2,446.90999999999997,1
14212.0,90,1,678.8000000000001,1
17360.0,18,3,568.2399999999999,1
16510.0,373,1,248.10000000000002,0
17824.0,52,1,256.64,1
15384.0,170,2,642.4100000000001,1
12781.0,64,2,786.7399999999999,1
13618.0,174,1,163.66000000000003,0
14578.0,4,1,160.26999999999998,1
13006.0,57,1,77.00999999999999,1
17960.0,172,1,73.78000000000002,0
14259.0,142,1,120.0,0
13227.0,202,1,257.7,0
14503.0,4,6,3511.3599999999997,2
14871.0,4,4,501.28000000000003,1
17869.0,108,5,344.38,1
13778.0,104,1,178.70000000000002,1
16114.0,171,1,135.75,0
14076.0,130,1,101.72,0
17957.0,67,1,101.59,1
12373.0,312,1,324.6,0
13187.0,338,1,236.01999999999998,0
13669.0,51,2,213.75000000000003,1
16384.0,90,2,584.5,1
12641.0,116,1,145.9,1
13739.0,19,1,216.9,1
16468.0,75,1,74.9,1
17763.0,264,1,15.0,0
17058.0,82,3,1179.89,1
14479.0,254,2,316.25,0
12878.0,237,2,854.99,0
16535.0,6,1,593.75,1
17383.0,5,1,193.39000000000001,1
17427.0,72,1,100.8,1
13737.0,201,1,339.6,0
17349.0,180,1,98.25,0
14932.0,366,1,313.53,0
17786.0,86,2,266.85,1
15909.0,174,1,191.94,0
15178.0,261,1,40.5,0
15663.0,107,1,138.14,1
14148.0,234,1,157.2,0
15594.0,16,5,1771.78,2
15320.0,45,1,197.53000000000003,1
15800.0,108,2,696.8900000000001,1
15350.0,374,1,115.65,0
14327.0,164,1,311.65000000000003,0
16250.0,262,2,389.44,0
16053.0,33,2,1454.3500000000004,1
16950.0,57,3,1152.7199999999998,1
15353.0,255,2,770.12,0
15836.0,51,1,112.37,1
16135.0,263,1,517.55,0
12650.0,4,1,242.44000000000003,1
15758.0,25,1,205.25,1
13686.0,183,1,72.0,0
14354.0,6,2,163.62,1
12453.0,135,1,707.09,1
12680.0,1,4,790.8100000000001,1
16546.0,291,2,787.1500000000001,0
15435.0,23,1,149.29,1
15012.0,54,2,405.04,1
16503.0,107,4,1398.0299999999997,2
14619.0,246,1,394.44,0
16464.0,20,3,1225.41,1
16338.0,158,1,214.79999999999998,0
13833.0,160,1,383.84999999999997,0
15607.0,337,1,77.4,0
18032.0,335,1,73.5,0
12866.0,284,1,499.12000000000006,0
13934.0,264,1,922.1000000000001,0
15096.0,43,1,219.39,1
14692.0,138,4,591.55,1
16595.0,62,1,358.69,1
17513.0,73,1,513.2,1
12545.0,76,2,832.3899999999999,1
13171.0,22,3,335.21,1
16275.0,197,1,559.87,0
16159.0,282,1,348.2,0
16142.0,250,1,535.3399999999999,0
14555.0,58,2,312.53999999999996,1
15847.0,39,2,328.79,1
12815.0,148,2,863.46,1
16647.0,170,2,214.06,0
16392.0,270,1,217.89,0
12450.0,157,2,197.88,0
13792.0,67,2,195.55,1
14393.0,219,1,67.95,0
13493.0,276,2,394.95,0
12363.0,110,2,552.0,1
15922.0,374,1,369.49999999999994,0
17495.0,8,2,497.56000000000006,1
13336.0,78,1,795.1199999999999,1
15597.0,36,1,320.01,1
15299.0,68,2,1169.85,1
14206.0,240,1,328.16,0
12770.0,211,1,1351.4499999999998,0
16883.0,188,2,252.53,0
18173.0,87,4,1900.9200000000003,2
17171.0,290,1,224.91,0
13328.0,317,1,1042.08,0
17928.0,46,2,195.59,1
13522.0,31,1,125.80000000000001,1
17011.0,31,1,270.9,1
15562.0,352,1,134.55,0
16614.0,183,1,506.19,0
14729.0,374,1,313.48999999999995,0
17783.0,73,2,283.47,1
16757.0,319,1,106.83000000000001,0
14002.0,135,2,478.24,1
16152.0,269,1,1727.34,0
16171.0,60,1,73.2,1
17844.0,107,1,51.56,1
13938.0,36,1,71.66,1
16852.0,11,2,100.4,1
12752.0,82,1,4366.78,1
15488.0,93,1,76.32000000000001,1
15347.0,367,1,201.60000000000002,0
13711.0,219,2,252.06,0
16317.0,120,3,1341.6499999999999,1
13508.0,244,1,110.97,0
13601.0,46,2,688.95,1
17517.0,309,1,153.93999999999997,0
15565.0,51,2,173.16000000000003,1
14632.0,263,1,114.55999999999999,0
14887.0,80,1,72.0,1
16753.0,59,1,221.04000000000002,1
13923.0,54,1,351.13,1
12462.0,19,2,937.5900000000001,1
16017.0,48,1,191.93,1
15619.0,11,1,336.40000000000003,1
15258.0,169,2,591.26,1
13519.0,79,1,122.75,1
17279.0,58,1,162.88,1
14175.0,60,3,3069.75,2
15520.0,2,1,320.7,1
12974.0,198,1,124.85000000000002,0
16730.0,53,3,714.31,1
12405.0,149,1,1390.3899999999999,1
17620.0,60,1,81.44,1
14890.0,254,1,125.65,0
15557.0,29,1,468.9100000000001,1
16571.0,27,3,1378.67,1
15448.0,313,1,494.64,0
15091.0,68,1,480.71,1
17542.0,270,1,168.24999999999997,0
13684.0,286,1,65.13000000000001,0
14523.0,109,1,241.09,1
12497.0,82,1,690.6,1
16148.0,297,1,76.32000000000001,0
15530.0,22,4,1491.5500000000002,2
12962.0,8,2,266.39,1
13900.0,184,3,740.95,1
12561.0,303,1,238.85000000000002,0
17987.0,186,1,196.89,0
13106.0,134,1,76.5,0
13321.0,73,2,335.36,1
17900.0,191,2,97.19999999999999,0
12755.0,281,1,17.549999999999997,0
13085.0,158,2,416.08000000000004,1
15307.0,96,1,205.3,1
14089.0,57,1,158.75,1
14348.0,261,1,409.57,0
12531.0,15,1,95.26999999999998,1
16424.0,192,1,133.56,0
14935.0,298,1,1520.16,0
12572.0,9,2,876.02,1
13506.0,317,2,458.52,0
15620.0,57,3,1518.9099999999999,2
15773.0,6,1,147.52,1
12436.0,100,1,429.01,1
15245.0,135,3,2515.84,2
15417.0,86,1,508.79999999999995,1
18119.0,368,1,180.7,0
13859.0,327,1,201.16,0
14552.0,152,1,164.21999999999997,0
15577.0,152,3,258.88,1
13062.0,192,1,271.5,0
15396.0,113,1,288.18,1
15692.0,29,1,191.04000000000002,1
14066.0,267,1,152.55,0
14626.0,24,4,2751.3200000000006,2
17968.0,374,1,265.1,0
17025.0,61,3,357.77000000000004,1
13421.0,41,2,1824.5900000000001,1
12613.0,58,4,3092.38,2
16820.0,96,1,464.71,1
17040.0,138,1,449.7299999999999,1
17102.0,262,1,25.5,0
13874.0,359,1,361.70000000000005,0
17043.0,33,4,1735.1799999999998,2
12797.0,366,1,226.03000000000003,0
13455.0,25,2,1058.3400000000001,1
14539.0,16,2,534.1199999999999,1
13398.0,193,1,457.34000000000003,0
13065.0,374,1,205.86,0
12538.0,30,1,363.95000000000005,1
13844.0,12,1,361.62,1
12832.0,33,2,383.03,1
18127.0,20,3,315.23999999999995,1
12976.0,212,1,738.5999999999999,0
14006.0,116,3,946.24,1
15623.0,142,1,301.03000000000003,1
16177.0,51,1,331.95000000000005,1
16495.0,4,3,600.4100000000001,1
17118.0,318,1,157.02,0
15442.0,249,1,594.0,0
15494.0,22,2,1280.58,1
17403.0,37,1,263.92,1
17946.0,234,2,99.67999999999999,0
17181.0,58,2,160.72,1
17974.0,25,3,694.03,1
16374.0,67,2,461.56999999999994,1
17398.0,115,3,653.38,1
13052.0,213,1,348.15,0
15143.0,226,1,259.45,0
13841.0,253,1,85.0,0
14576.0,373,1,35.400000000000006,0
16377.0,268,1,106.2,0
16350.0,22,4,1116.4699999999998,2
14295.0,41,1,166.20000000000002,1
17154.0,76,1,313.26,1
12566.0,87,1,297.65,1
16769.0,261,1,361.53999999999996,0
16810.0,193,1,309.54,0
12953.0,10,1,304.84999999999997,1
12402.0,324,1,195.6,0
17078.0,37,2,341.7099999999999,1
16073.0,298,1,122.39999999999999,0
17524.0,362,1,145.0,0
15097.0,5,1,248.07999999999998,1
15327.0,53,1,208.75,1
17732.0,373,1,303.97,0
14147.0,79,2,483.40000000000003,1
16789.0,9,1,80.8,1
15791.0,44,2,1612.69,1
17278.0,242,1,206.09,0
14669.0,242,3,1222.46,0
17128.0,335,1,157.08999999999997,0
16125.0,368,1,289.35,0
16106.0,66,1,108.38,1
15947.0,83,1,1708.24,1
17885.0,13,1,153.46,1
17386.0,8,6,1626.66,2
13395.0,186,1,265.26,0
17453.0,18,2,486.72,1
16500.0,5,5,235.86,1
16859.0,145,2,682.8599999999999,1
16282.0,340,1,168.29999999999998,0
12367.0,5,1,150.9,1
17394.0,220,1,48.349999999999994,0
12917.0,129,1,594.0,1
16648.0,43,1,290.65999999999997,1
12361.0,288,1,174.90000000000003,0
12512.0,67,2,132.17999999999998,1
16761.0,97,1,316.62,1
12480.0,29,4,2566.33,2
14957.0,254,1,58.49,0
13602.0,65,1,428.89,1
15497.0,18,2,936.6,1
13546.0,13,3,618.21,1
13476.0,179,2,971.52,1
12349.0,19,1,1353.8000000000002,1
13108.0,373,1,350.06000000000006,0
15124.0,23,2,184.19,1
17970.0,212,1,562.79,0
14722.0,148,1,180.42000000000002,0
15545.0,55,2,288.96999999999997,1
15912.0,179,2,264.62,0
16320.0,173,2,1038.46,1
16718.0,370,1,606.05,0
14624.0,58,2,225.85,1
12615.0,3,4,2093.1899999999996,2
15041.0,171,1,178.02999999999997,0
16400.0,95,1,286.98,1
15472.0,114,1,370.96,1
17251.0,363,1,269.8299999999999,0
15724.0,202,2,218.25,0
13436.0,2,1,179.94,1
17187.0,227,1,203.95,0
12660.0,12,1,227.10000000000002,1
13363.0,18,2,889.6199999999999,1
17079.0,79,1,118.80000000000001,1
15573.0,32,2,588.34,1
12527.0,82,3,330.71000000000004,1
12350.0,311,1,294.40000000000003,0
16298.0,23,3,548.2,1
14761.0,59,2,255.9,1
14988.0,212,1,334.53999999999996,0
16227.0,226,1,314.21999999999997,0
18224.0,264,1,158.95,0
13697.0,39,1,151.29999999999998,1
15179.0,19,5,2038.2299999999998,2
14284.0,31,2,595.25,1
14220.0,248,2,632.4000000000001,0
13866.0,75,1,145.67000000000002,1
16431.0,214,3,623.28,0
17898.0,86,2,152.05999999999997,1
18136.0,64,3,784.33,1
16597.0,5,1,69.52000000000001,1
14842.0,44,4,2529.6900000000005,2
17862.0,324,1,330.9,0
15625.0,104,4,1534.2599999999998,2
17433.0,89,1,303.15999999999997,1
12739.0,100,1,975.54,1
17549.0,24,2,148.86,1
13635.0,68,1,1071.03,1
16774.0,68,4,661.5199999999999,1
14912.0,17,2,811.69,1
17722.0,97,4,2385.58,2
16305.0,139,1,361.21999999999997,1
17374.0,219,2,495.77000000000004,0
13314.0,2,3,773.66,1
16698.0,254,1,510.0,0
13791.0,128,2,1226.0,1
15348.0,73,1,158.04000000000002,1
15919.0,20,2,525.69,1
16979.0,4,6,1851.9999999999998,2
13532.0,34,1,210.31,1
15014.0,44,2,257.67,1
15167.0,321,1,158.79999999999998,0
12809.0,178,1,405.31000000000006,0
12403.0,50,1,391.70000000000005,1
15104.0,197,2,835.71,0
15308.0,275,1,310.47,0
16803.0,66,1,332.29999999999995,1
16963.0,188,1,110.55000000000001,0
15598.0,54,1,240.68,1
13730.0,136,2,752.5999999999999,1
16967.0,190,1,319.02,0
13667.0,150,1,298.86,0
14483.0,282,1,137.1,0
16387.0,323,1,94.36,0
18019.0,52,1,38.45,1
12686.0,372,1,71.13999999999999,0
17045.0,114,2,299.48999999999995,1
17464.0,159,1,248.2,0
13115.0,12,4,2210.32,2
17201.0,54,1,289.78,1
12879.0,45,3,564.1,1
13828.0,23,1,168.45000000000002,1
18072.0,186,1,240.0,0
13382.0,281,1,222.99,0
17643.0,374,1,101.55,0
16441.0,68,2,381.2,1
13283.0,60,2,89.1,1
14185.0,332,1,32.65,0
16875.0,68,5,2061.63,2
12707.0,292,1,603.42,0
18022.0,36,1,595.14,1
14855.0,120,2,645.6499999999999,1
17906.0,248,1,55.949999999999996,0
14863.0,30,1,266.76,1
15315.0,65,2,552.26,1
12728.0,72,4,728.3299999999999,1
18159.0,302,1,513.1999999999999,0
14387.0,33,3,1644.4,2
17552.0,61,4,930.41,1
17124.0,186,1,294.24,0
16826.0,52,1,341.7,1
13296.0,138,1,87.4,0
17111.0,48,1,231.60999999999999,1
12574.0,316,1,182.45000000000002,0
18268.0,135,1,25.5,0
13245.0,51,1,430.5,1
13984.0,27,4,488.03,1
16721.0,263,1,292.47,0
14873.0,211,1,519.68,0
18216.0,32,1,456.75,1
17447.0,41,2,541.53,1
12378.0,130,1,3899.2900000000004,1
17647.0,66,1,116.11,1
15552.0,218,1,87.84,0
15732.0,213,2,294.12,0
16048.0,374,2,256.44000000000005,0
18143.0,117,2,1000.1600000000001,1
12987.0,74,2,508.75,1
17157.0,8,2,319.0,1
12822.0,71,2,948.8800000000001,1
16274.0,374,1,285.9,0
14974.0,38,1,89.94,1
13615.0,319,1,417.69,0
14326.0,243,1,183.85000000000002,0
16517.0,278,1,162.7,0
15720.0,25,1,581.7800000000001,1
14638.0,51,1,443.6000000000001,1
12398.0,46,1,1435.66,1
14150.0,36,2,649.52,1
15427.0,34,3,1429.7799999999997,1
15814.0,17,4,1872.9,2
17839.0,43,1,318.15,1
17492.0,249,1,374.57,0
14068.0,321,1,265.85,0
13002.0,319,1,120.94999999999999,0
17950.0,73,3,482.2,1
12702.0,20,1,201.0,1
18278.0,74,1,173.89999999999998,1
15226.0,311,1,154.40999999999997,0
16613.0,71,1,618.5899999999999,1
17105.0,160,2,653.2599999999999,1
12580.0,247,1,379.70000000000005,0
14167.0,40,4,562.59,1
15689.0,120,2,254.1,1
17169.0,58,2,835.7800000000001,1
18004.0,363,1,156.32,0
16965.0,227,1,188.70999999999998,0
16825.0,39,2,602.38,1
16340.0,108,1,511.6599999999999,1
14261.0,51,2,1163.45,1
18217.0,30,2,621.75,1
17030.0,64,1,146.87,1
14896.0,205,2,468.77000000000004,0
17672.0,51,2,3127.3199999999997,2
18227.0,218,1,93.75,0
17153.0,25,1,213.78,1
16846.0,51,1,214.32000000000002,1
15368.0,22,1,167.70000000000002,1
16139.0,19,3,635.41,1
17527.0,54,4,939.3699999999999,1
12670.0,11,5,2744.0499999999997,2
14100.0,138,1,191.95,1
16215.0,81,1,242.35,1
14693.0,265,1,172.9,0
13193.0,62,1,95.13000000000001,1
15255.0,67,1,890.85,1
14143.0,134,1,115.8,0
18035.0,36,3,696.9399999999999,1
15346.0,333,1,252.42,0
15958.0,75,1,104.35000000000001,1
14964.0,248,1,206.20999999999998,0
13727.0,29,2,333.48,1
16902.0,117,1,1704.0000000000002,1
12375.0,11,2,377.5,1
17972.0,242,1,119.24,0
15423.0,39,1,43.5,1
14880.0,78,3,675.59,1
16236.0,79,1,432.20000000000005,1
13008.0,324,1,229.47,0
15516.0,45,3,62.43000000000001,1
15985.0,124,2,1037.42,1
16778.0,75,2,245.94000000000003,1
15935.0,240,1,108.03999999999999,0
12522.0,40,2,152.72,1
12510.0,143,2,814.5699999999999,1
14350.0,275,1,282.93,0
13803.0,256,1,277.07,0
14457.0,311,1,113.64,0
12977.0,157,1,19.240000000000002,0
12377.0,316,2,1548.12,0
15683.0,118,1,193.75,1
16551.0,96,3,737.8,1
13271.0,38,1,211.3,1
14860.0,20,1,165.76,1
16708.0,46,1,622.73,1
12556.0,51,2,599.56,1
17438.0,254,1,388.45000000000005,0
15774.0,69,1,270.79999999999995,1
17140.0,248,1,274.12,0
14331.0,125,2,462.66,1
14770.0,233,2,876.4199999999998,0
16030.0,310,1,331.24,0
16679.0,367,1,129.75,0
12449.0,23,4,3591.9699999999993,2
17674.0,75,2,398.4,1
16012.0,36,3,1399.3400000000001,1
12929.0,312,1,117.85000000000001,0
17239.0,313,1,382.50000000000006,0
17979.0,36,4,732.41,1
14340.0,219,1,134.7,0
15363.0,373,1,326.00000000000006,0
15212.0,242,1,101.79999999999998,0
17897.0,173,3,461.90999999999997,1
13441.0,92,1,296.64,1
16627.0,80,1,322.79999999999995,1
14301.0,118,1,575.3399999999999,1
15254.0,128,1,300.36,1
13868.0,39,1,500.1,1
16557.0,25,2,281.85,1
12734.0,353,1,110.4,0
14450.0,181,3,481.19000000000005,0
14600.0,306,1,393.3299999999999,0
17694.0,142,1,283.12000000000006,1
14248.0,319,1,302.58,0
14381.0,53,1,202.67999999999998,1
14271.0,226,1,112.32000000000001,0
17781.0,160,2,188.01999999999998,0
13990.0,214,1,311.29999999999995,0
13566.0,41,2,856.8400000000001,1
12617.0,30,1,352.97999999999996,1
13976.0,207,1,357.98,0
12420.0,64,1,554.97,1
12519.0,64,1,276.84,1
15652.0,92,1,337.74,1
14073.0,33,1,151.04,1
15466.0,86,1,334.53,1
15648.0,205,2,639.5,0
18265.0,73,2,771.51,1
16368.0,3,2,462.96000000000004,1
12838.0,34,2,655.0,1
15130.0,170,1,330.11,0
18042.0,54,1,165.04999999999998,1
15844.0,47,1,130.74,1
15045.0,152,2,735.6600000000001,1
14436.0,99,1,79.93999999999998,1
16732.0,32,1,603.75,1
13310.0,29,3,1132.03,1
15551.0,37,1,429.21999999999997,1
13685.0,4,4,20.92,1
15637.0,53,1,223.36000000000004,1
14438.0,307,1,131.9,0
13568.0,174,1,187.04999999999998,0
15540.0,12,1,213.3,1
16018.0,40,2,408.90000000000003,1
16666.0,20,1,116.7,1
17574.0,243,1,185.64999999999998,0
17455.0,204,1,131.7,0
14641.0,22,1,110.45999999999998,1
14345.0,39,1,108.97999999999999,1
16990.0,219,1,179.0,0
15090.0,309,1,381.32000000000005,0
15224.0,359,2,322.08000000000004,0
15832.0,255,1,836.7900000000001,0
15975.0,85,1,371.01,1
13699.0,156,1,308.58,0
14489.0,208,1,463.38,0
18248.0,123,2,719.56,1
17526.0,5,4,1195.8999999999999,2
14280.0,197,1,134.04,0
14731.0,48,3,380.02,1
15051.0,24,3,1297.5600000000002,1
17144.0,2,2,895.6199999999999,1
17244.0,54,1,954.8999999999999,1
14022.0,226,1,440.0,0
17684.0,44,1,234.85,1
15480.0,117,1,871.3199999999999,1
14882.0,27,2,589.7,1
13551.0,320,1,91.80000000000001,0
14551.0,19,2,186.23,1
14954.0,13,1,274.9,1
13512.0,261,1,251.21,0
15664.0,51,1,386.43,1
17990.0,237,3,630.84,0
15180.0,368,1,87.5,0
15506.0,23,3,969.8,1
16781.0,373,1,311.25,0
14272.0,74,2,420.52,1
16747.0,38,2,836.06,1
16563.0,54,1,845.74,1
15211.0,61,2,894.4100000000001,1
14589.0,372,1,39.75,0
13645.0,121,1,252.1,1
18260.0,173,6,2628.35,2
16399.0,20,2,381.22,1
13974.0,50,1,413.59,1
16345.0,45,1,457.86,1
13479.0,201,2,300.95,0
15193.0,61,1,499.31999999999994,1
17985.0,23,1,631.35,1
18066.0,76,1,318.0,1
16692.0,290,1,8.5,0
17891.0,163,1,203.85999999999999,0
13706.0,303,1,290.89,0
16574.0,72,1,451.43999999999994,1
12750.0,129,1,275.88,1
13732.0,29,1,491.86,1
15872.0,15,2,314.34999999999997,1
16104.0,62,1,247.36,1
16976.0,268,1,251.51999999999998,0
16491.0,47,1,731.5,1
16205.0,31,4,755.3499999999999,1
17603.0,79,1,144.72,1
15165.0,374,1,468.8,0
13185.0,268,1,71.4,0
17174.0,218,1,59.9,0
16101.0,71,1,1290.7,1
15634.0,18,1,243.55,1
17919.0,89,1,1304.04,1
16214.0,171,3,994.95,1
15994.0,55,1,397.32,1
15074.0,106,1,735.6700000000001,1
14930.0,109,3,2261.26,2
14804.0,9,1,353.27,1
16643.0,246,1,487.51,0
13248.0,125,2,465.68000000000006,1
13655.0,115,2,911.12,1
16587.0,233,1,200.20000000000002,0
13397.0,73,5,1416.53,2
12614.0,278,1,315.59999999999997,0
18273.0,3,3,204.0,1
17775.0,255,1,56.4,0
17537.0,30,2,873.8100000000001,1
16968.0,5,2,430.31,1
17695.0,132,2,737.98,1
14277.0,16,3,4002.3999999999996,2
16812.0,361,1,479.35,0
14467.0,18,4,596.26,1
17899.0,160,1,137.6,0
12558.0,8,1,269.96000000000004,1
13947.0,66,1,90.6,1
17163.0,22,2,293.1,1
16863.0,32,2,502.80000000000007,1
13253.0,157,2,758.0,1
14130.0,320,1,480.90999999999997,0
12625.0,212,2,2413.82,0
15267.0,23,5,1567.6,2
17197.0,30,1,1013.0099999999999,1
17832.0,50,1,147.81,1
17325.0,281,1,96.8,0
12968.0,113,1,135.95,1
13188.0,12,1,99.60000000000001,1
13572.0,206,1,1384.25,0
13194.0,136,1,60.7,0
15257.0,284,1,118.25,0
15700.0,173,2,679.73,1
16163.0,233,2,856.6000000000001,0
16413.0,57,1,262.20000000000005,1
15900.0,24,1,337.28000000000003,1
16738.0,298,1,3.75,0
17406.0,334,2,1570.48,0
16555.0,36,2,285.89,1
18250.0,311,1,349.27,0
14747.0,250,1,294.3,0
15419.0,25,1,135.85999999999999,1
16207.0,26,1,344.38,1
18082.0,26,1,667.1600000000001,1
14973.0,108,3,564.45,1
18146.0,141,2,160.35000000000002,1
14586.0,277,1,237.35999999999999,0
16856.0,15,1,35.400000000000006,1
12793.0,335,2,461.48,0
12532.0,31,1,313.83,1
12729.0,114,1,417.01,1
13594.0,53,1,394.47,1
17125.0,51,1,214.98,1
14480.0,12,1,279.04999999999995,1
15380.0,9,5,1690.2600000000002,2
16117.0,190,1,232.20999999999998,0
16520.0,187,3,1046.57,1
16829.0,157,1,197.22,0
16833.0,2,4,1106.5300000000002,2
15098.0,183,1,297.0,0
13494.0,312,1,316.26000000000005,0
13422.0,65,1,2594.4,1
12740.0,64,1,427.6,1
17309.0,96,1,82.75000000000001,1
18099.0,128,1,168.31,1
13723.0,218,1,199.84999999999997,0
16052.0,55,1,362.06,1
13703.0,319,1,99.5,0
14267.0,163,3,1516.2399999999998,1
17176.0,202,1,306.13,0
13716.0,270,1,138.28,0
16536.0,111,1,531.17,1
17545.0,44,3,637.46,1
16913.0,291,1,113.44,0
17194.0,274,2,242.62000000000003,0
12818.0,262,1,387.2,0
12944.0,36,2,604.51,1
15869.0,278,2,149.64000000000001,0
15677.0,50,1,657.23,1
17973.0,52,1,331.28000000000003,1
17697.0,237,1,338.95000000000005,0
13124.0,90,3,3684.2,2
14222.0,178,1,683.17,0
17004.0,47,2,1043.94,1
14035.0,29,5,1413.0200000000002,2
15468.0,52,2,467.51,1
17926.0,134,2,388.65,1
15076.0,173,1,844.9,0
17859.0,305,1,141.92000000000002,0
16144.0,247,1,175.2,0
16795.0,366,1,414.88,0
13863.0,248,1,305.78000000000003,0
14813.0,370,2,152.88,0
13325.0,82,1,675.3,1
18056.0,289,1,327.69999999999993,0
15717.0,235,1,150.3,0
18033.0,66,1,71.82,1
17785.0,54,1,131.94,1
15345.0,46,1,373.59000000000003,1
15385.0,41,1,316.88,1
14725.0,25,1,644.1800000000001,1
13712.0,247,1,228.84,0
13557.0,29,2,584.06,1
13449.0,24,1,291.88,1
16850.0,334,1,332.41,0
16526.0,172,1,290.36,0
17425.0,20,2,759.1700000000001,1
18030.0,5,2,155.8,1
13867.0,32,3,1005.09,1
14620.0,206,2,412.78000000000003,0
14242.0,235,2,280.55,0
17978.0,366,1,145.4,0
16309.0,107,2,706.5699999999999,1
14437.0,366,1,63.0,0
17939.0,160,1,99.14000000000001,0
18255.0,90,1,103.30000000000001,1
15109.0,246,1,451.05000000000007,0
13221.0,241,2,847.4100000000001,0
15341.0,81,1,2020.52,1
12829.0,337,2,98.1,0
17718.0,233,1,139.35,0
15612.0,37,2,180.15,1
15704.0,141,4,2293.62,2
17405.0,2,3,1014.4599999999999,1
17051.0,195,1,240.89000000000001,0
16788.0,124,2,594.39,1
12448.0,45,1,295.89,1
12557.0,17,4,2501.34,2
17385.0,15,1,253.23000000000002,1
14424.0,18,1,322.08,1
16229.0,88,2,1010.6,1
17582.0,237,1,175.26999999999998,0
14517.0,34,2,330.45,1
14013.0,111,3,467.26,1
13350.0,17,2,829.1700000000001,1
13279.0,79,1,137.75,1
13186.0,40,3,1560.27,2
15335.0,54,1,170.21999999999997,1
16554.0,43,3,837.1000000000001,1
13116.0,139,1,469.24000000000007,1
15010.0,36,1,308.94,1
16446.0,206,1,2.9,0
13721.0,37,1,524.14,1
12658.0,19,1,632.0500000000001,1
17229.0,97,2,318.76000000000005,1
14036.0,285,1,626.65,0
12909.0,40,5,1682.6000000000004,2
18232.0,82,4,592.97,1
12784.0,16,1,476.82,1
17540.0,25,2,578.9000000000001,1
13584.0,307,1,142.4,0
13561.0,216,1,141.85999999999999,0
17038.0,31,1,112.39999999999999,1
13170.0,27,1,101.96999999999998,1
15992.0,4,1,41.989999999999995,1
15447.0,331,1,155.17000000000002,0
16752.0,373,1,110.60000000000001,0
12665.0,325,1,45.0,0
15458.0,26,1,161.64,1
14420.0,100,1,387.52000000000004,1
12397.0,36,2,2096.25,1
12438.0,15,2,2463.9700000000003,2
14396.0,66,2,487.99,1
14652.0,78,1,114.18,1
13223.0,201,2,163.20000000000002,0
17048.0,118,3,885.4000000000001,1
12544.0,37,1,316.70000000000005,1
16796.0,90,1,305.62,1
15870.0,33,1,351.44,1
17852.0,12,2,114.34,1
12816.0,96,2,395.30000000000007,1
15537.0,164,1,93.97,0
12837.0,174,1,117.15,0
16278.0,101,1,346.38000000000005,1
16179.0,61,1,215.83,1
15904.0,9,1,144.73000000000002,1
15454.0,363,1,179.1,0
16120.0,60,4,1309.1399999999999,2
16849.0,187,1,124.57,0
18123.0,25,2,567.5999999999999,1
14333.0,68,1,415.2,1
14400.0,150,1,574.7,1
14241.0,184,1,213.70000000000002,0
16092.0,115,3,817.86,1
12719.0,6,2,572.9499999999999,1
14421.0,58,2,813.11,1
18110.0,20,1,197.85000000000002,1
15897.0,195,2,98.08999999999999,0
14536.0,260,1,170.95,0
17044.0,26,1,739.6800000000001,1
17382.0,66,1,50.400000000000006,1
17354.0,51,1,1378.8100000000002,1
15266.0,339,1,119.29999999999998,0
16650.0,72,1,518.42,1
16272.0,117,1,411.70000000000005,1
16204.0,24,1,384.18000000000006,1
17964.0,32,2,446.26,1
15944.0,277,1,325.09999999999997,0
16323.0,197,1,207.50000000000003,0
13352.0,61,1,347.97999999999996,1
13381.0,32,6,3639.3099999999995,2
16951.0,135,3,1229.8999999999999,1
12560.0,6,2,1901.0600000000002,1
18270.0,39,2,283.15000000000003,1
14494.0,26,1,139.56,1
16260.0,51,1,1035.4499999999998,1
13291.0,156,1,360.03000000000003,0
12479.0,12,1,468.64,1
17601.0,240,1,116.00999999999999,0
14966.0,15,1,183.01999999999998,1
13897.0,51,1,311.16,1
13349.0,11,1,197.32,1
16986.0,31,1,83.2,1
14199.0,219,1,185.39999999999998,0
13513.0,127,1,205.10000000000002,1
16887.0,36,1,190.05,1
13774.0,82,1,345.0,1
18138.0,296,1,152.65,0
16617.0,236,1,151.85000000000002,0
14109.0,73,1,144.2,1
16909.0,73,1,301.38,1
13823.0,19,2,957.6600000000001,1
14950.0,20,1,371.20000000000005,1
16081.0,57,5,2799.42,2
17554.0,2,5,1745.13,2
13173.0,5,2,353.65,1
17324.0,18,4,961.4800000000001,2
17344.0,47,1,157.62,1
13295.0,360,1,201.2,0
17614.0,58,1,385.37,1
14300.0,19,1,43.2,1
15737.0,15,8,1156.1699999999998,2
16921.0,62,1,148.19,1
14477.0,20,4,1309.6,2
18011.0,374,1,100.12999999999998,0
16457.0,219,1,208.36,0
16292.0,122,1,302.25,1
14537.0,58,1,355.56,1
14497.0,310,1,475.36999999999995,0
13439.0,256,1,283.71,0
15225.0,235,1,409.4,0
17560.0,95,4,854.9499999999999,1
15840.0,59,2,348.72,1
15432.0,24,1,171.19000000000003,1
15393.0,17,2,231.86,1
17536.0,178,1,76.5,0
12736.0,333,1,144.0,0
15186.0,15,2,411.40999999999997,1
14984.0,20,2,201.42,1
14645.0,157,2,544.54,1
15492.0,29,2,659.46,1
14423.0,219,1,265.2,0
14158.0,41,1,466.62,1
16216.0,268,1,727.98,0
13672.0,302,2,186.39000000000001,0
15714.0,12,2,330.03,1
17010.0,19,1,195.35999999999999,1
12602.0,59,1,153.11999999999998,1
12504.0,19,2,428.04999999999995,1
14902.0,26,1,332.65999999999997,1
14752.0,44,1,180.84,1
14705.0,199,1,179.0,0
14512.0,188,2,225.38,0
15153.0,32,1,312.29999999999995,1
16071.0,45,1,326.23999999999995,1
14598.0,45,1,221.97,1
13372.0,90,1,328.64,1
16084.0,300,1,436.17999999999995,0
13740.0,241,1,350.75,0
14850.0,312,1,325.75000000000006,0
13932.0,295,1,307.4,0
16318.0,36,1,328.1500000000001,1
17984.0,146,1,152.68000000000004,0
14149.0,221,1,446.62,0
17551.0,360,1,290.34,0
13801.0,67,1,324.8,1
15783.0,11,1,228.06,1
14727.0,275,1,116.03,0
14155.0,267,1,118.75000000000001,0
16448.0,199,1,182.99,0
16162.0,253,1,37.4,0
15775.0,246,1,104.9,0
13747.0,374,1,79.6,0
15269.0,24,1,118.80000000000001,1
