CustomerID,Recency,Frequency,Monetary,prediction
16916.0,24,134,548.73,1
17884.0,4,111,685.47,1
13956.0,6,146,989.3199999999999,1
13094.0,22,22,1622.04,2
12493.0,166,19,362.79,0
13533.0,183,75,269.09,0
15776.0,134,17,234.77999999999997,2
17633.0,32,70,1324.84,1
16629.0,74,56,390.34999999999997,2
14452.0,11,59,242.1,2
14473.0,75,7,234.33999999999997,2
13918.0,50,27,828.84,2
13607.0,41,95,674.37,1
14285.0,22,26,1893.06,1
16596.0,16,12,250.14999999999998,2
18114.0,291,26,178.2,0
14768.0,18,5,192.60000000000002,2
14024.0,122,16,327.7,2
17267.0,128,37,317.2,2
13973.0,288,11,264.7,0
16858.0,369,10,375.69000000000005,0
13121.0,270,50,283.73,0
16656.0,23,47,3124.9999999999995,1
13649.0,257,23,346.6,0
15397.0,290,6,94.0,0
13811.0,184,10,519.75,0
15145.0,5,66,1178.78,1
13937.0,170,9,158.85,0
12550.0,80,55,820.27,2
13142.0,20,23,307.09000000000003,2
14760.0,298,5,89.2,0
16212.0,20,41,690.3399999999999,2
15067.0,79,81,1704.86,1
16957.0,240,16,416.63999999999993,0
13930.0,58,17,337.34,2
13160.0,23,4,91.8,2
15160.0,358,4,158.16,0
15311.0,1,2328,56413.33999999997,1
15898.0,2,83,1367.88,1
17392.0,307,54,365.37,0
12967.0,359,17,1301.5,0
15750.0,3,291,2463.05,1
16353.0,4,94,6675.710000000001,1
17659.0,18,153,2885.1699999999996,1
17062.0,314,66,517.3700000000001,0
14233.0,50,34,1230.7200000000003,2
14064.0,30,76,1023.3000000000001,1
14211.0,54,112,2241.1,1
16600.0,5,58,794.08,1
13592.0,36,15,231.00999999999996,2
12609.0,79,56,960.29,1
12521.0,143,37,545.68,2
15372.0,138,21,1498.12,2
18263.0,26,56,1185.04,1
13430.0,19,43,651.2500000000001,2
14014.0,78,35,490.29999999999995,2
13596.0,6,146,664.11,1
13161.0,314,8,112.75,0
13763.0,64,15,1714.96,2
17879.0,174,6,178.51999999999998,0
13846.0,25,54,848.4100000000001,1
13458.0,8,381,9642.01,1
18210.0,2,133,2604.43,1
12394.0,64,23,629.9200000000001,2
14959.0,65,59,695.4200000000001,2
14009.0,199,42,695.61,0
17063.0,22,78,1461.14,1
17070.0,115,62,304.24,2
14306.0,52,31,1885.64,1
16208.0,45,65,642.3100000000001,2
16056.0,46,66,650.75,2
14756.0,16,37,705.6599999999999,2
16800.0,12,155,1137.65,1
13496.0,11,35,653.33,2
17343.0,356,16,176.69,0
12600.0,29,54,2311.040000000001,1
16539.0,3,45,1388.81,1
17675.0,2,701,20257.58,1
16222.0,319,121,757.6,0
13871.0,23,336,6403.249999999999,1
16036.0,88,54,728.68,2
15953.0,16,97,1657.28,1
13849.0,52,99,1530.3199999999997,1
14660.0,87,26,274.21999999999997,2
13927.0,75,21,348.99,2
15398.0,17,73,1345.53,1
15707.0,36,205,916.9799999999999,1
15113.0,10,95,3425.91,1
13212.0,20,139,734.9300000000001,1
18126.0,61,51,200.52000000000004,2
15567.0,19,5,174.49,2
17881.0,305,8,133.35000000000002,0
14208.0,95,10,151.74,2
15156.0,2,55,961.4899999999999,1
13929.0,170,9,842.6499999999999,0
16550.0,109,248,2245.9800000000005,1
17400.0,127,205,2080.89,1
14565.0,96,124,2949.12,1
14270.0,332,29,492.65,0
14048.0,306,85,409.93,0
17138.0,276,24,380.50000000000006,0
17863.0,60,147,3066.4000000000005,1
15910.0,1,265,1226.0,1
16573.0,85,42,663.61,2
14165.0,276,24,120.44000000000001,0
15674.0,74,111,2100.49,1
14640.0,25,104,2074.08,1
17263.0,209,23,63.440000000000005,0
15149.0,134,23,520.8,2
17248.0,121,69,318.65,2
15950.0,32,97,1744.7100000000003,1
14171.0,99,58,363.79,2
15099.0,85,23,410.48,2
12856.0,8,310,2167.9,1
12581.0,40,14,179.70999999999998,2
15017.0,34,20,125.58000000000001,2
14815.0,37,53,778.5000000000001,2
15100.0,334,3,876.0,0
13284.0,331,13,201.18999999999997,0
12775.0,18,60,1264.09,1
17298.0,102,29,496.52,2
14353.0,216,6,90.6,0
17634.0,37,296,2358.5899999999997,1
15498.0,3,510,13225.240000000002,1
12481.0,23,203,4917.78,1
15996.0,89,125,974.6800000000001,1
16265.0,10,247,5019.469999999999,1
17811.0,5,826,7744.68,1
13744.0,96,62,1038.76,1
13719.0,16,59,1016.68,1
13577.0,26,83,1687.6000000000001,1
13505.0,73,211,3633.63,1
12414.0,218,15,442.40999999999997,0
12517.0,29,276,2301.6,1
13435.0,6,96,3746.53,1
16653.0,17,68,1195.71,1
14910.0,3,30,434.35,2
13573.0,51,24,267.21,2
18059.0,24,18,306.46,2
12690.0,206,15,335.01,0
16697.0,242,21,112.75000000000001,0
13370.0,372,39,754.87,0
12585.0,235,83,1653.9599999999998,1
14985.0,199,82,290.33,0
16746.0,5,432,6443.890000000001,1
15535.0,174,72,502.90000000000003,2
15622.0,44,178,3465.11,1
15981.0,25,97,3408.48,1
12383.0,185,92,1564.7199999999998,1
16818.0,11,184,3267.94,1
15349.0,159,71,463.91,2
12424.0,163,29,1608.3200000000002,2
15829.0,100,47,615.02,2
17339.0,95,9,243.36,2
15803.0,52,8,415.82000000000005,2
17523.0,12,27,261.99,2
17562.0,15,62,1119.02,1
14886.0,253,18,364.8,0
16349.0,291,8,37.55,0
13414.0,134,22,568.5,2
17320.0,101,73,1200.6200000000001,1
16945.0,22,246,4327.74,1
16271.0,16,126,1366.84,1
13634.0,34,186,1547.3600000000001,1
16948.0,139,17,348.62,2
15521.0,41,181,2687.35,1
16150.0,43,117,2053.0200000000004,1
16193.0,237,19,314.45,0
17262.0,53,12,1253.3600000000001,2
14690.0,45,48,355.05,2
17649.0,139,51,851.54,2
17031.0,12,22,380.35,2
12616.0,96,30,641.3,2
15253.0,17,53,918.2,1
17193.0,36,30,1498.42,1
15886.0,61,11,172.45,2
13673.0,19,59,357.49,2
15471.0,3,73,454.47999999999996,2
15445.0,265,5,113.5,0
15405.0,190,8,349.1,0
17514.0,129,39,206.75,2
15667.0,40,13,301.32000000000005,2
16665.0,363,9,135.39999999999998,0
12471.0,3,437,17371.7,1
16985.0,18,120,5464.119999999999,1
15303.0,291,30,542.1200000000001,0
18196.0,96,138,684.9499999999999,1
14816.0,198,2,21.85,0
16178.0,139,8,197.89999999999998,2
13023.0,65,38,599.9,2
13259.0,62,81,283.18,2
17203.0,36,146,3338.68,1
17874.0,186,45,649.5600000000001,0
12639.0,239,21,366.09999999999997,0
15608.0,29,60,1093.68,1
16330.0,18,38,251.67000000000002,2
13617.0,41,44,544.18,2
18001.0,13,56,398.18000000000006,2
17555.0,20,104,477.43000000000006,1
12583.0,3,224,6472.29,1
18077.0,9,223,2584.4100000000003,1
14038.0,79,92,1560.38,1
15584.0,24,121,704.2099999999999,1
18200.0,107,29,149.96999999999997,2
18167.0,24,37,1384.8600000000004,1
13979.0,74,53,866.9900000000001,2
13809.0,306,12,155.05,0
14368.0,320,8,155.0,0
17358.0,304,58,360.81,0
16402.0,265,57,293.44999999999993,0
15291.0,26,100,4227.3,1
16531.0,23,75,1205.89,1
14805.0,16,46,546.4,2
14934.0,82,86,1873.99,1
13015.0,54,173,3027.69,1
13037.0,139,48,881.0699999999998,2
12700.0,8,263,4523.110000000001,1
17886.0,32,100,835.38,1
13515.0,73,59,891.12,1
13484.0,242,8,313.8,0
14145.0,47,11,3742.2,1
12562.0,9,158,3250.1400000000003,1
13629.0,24,53,5715.36,1
15411.0,27,97,1344.3700000000001,1
16201.0,4,110,1858.91,1
14529.0,61,205,575.9700000000001,1
12473.0,54,154,2489.0899999999997,1
14141.0,3,40,915.13,2
18027.0,99,21,115.31,2
15748.0,41,20,144.36,2
18015.0,5,46,120.02999999999997,2
17525.0,360,9,422.7,0
12365.0,292,21,320.69,0
15402.0,149,40,536.05,2
15247.0,123,6,356.0,2
13603.0,27,26,161.87,2
13095.0,71,6,74.39999999999999,2
14282.0,4,148,3672.7200000000003,1
17211.0,27,206,2258.2599999999998,1
12356.0,23,58,2487.4300000000003,1
12437.0,2,184,4447.41,1
14476.0,258,17,193.0,0
14105.0,240,74,1266.23,0
13427.0,20,29,582.6,2
18092.0,3,83,7778.26,1
14067.0,64,51,355.75,2
12379.0,82,38,777.24,2
13297.0,8,59,2089.85,1
12842.0,71,33,1053.9899999999998,2
16460.0,29,127,789.8700000000001,1
13598.0,48,35,160.04000000000002,2
16347.0,12,83,797.45,1
17737.0,10,10,168.24,2
14851.0,24,28,511.35,2
13026.0,2,33,761.28,2
12673.0,6,41,574.52,2
12802.0,187,24,397.58000000000004,0
17693.0,138,14,194.71,2
14484.0,51,14,321.91999999999996,2
16423.0,25,18,346.12,2
13417.0,5,28,640.83,2
13127.0,78,15,259.17,2
14800.0,48,379,4215.6900000000005,1
13034.0,55,37,642.7700000000001,2
13842.0,59,201,3228.0699999999997,1
16434.0,30,107,1511.8,1
14060.0,5,198,5895.620000000001,1
17765.0,159,56,367.63,2
17764.0,51,69,754.88,1
16365.0,18,49,1506.5199999999995,1
13949.0,3,151,2390.2,1
15075.0,78,27,773.03,2
13384.0,31,148,3686.3499999999995,1
12950.0,3,22,1699.0,2
17502.0,10,28,689.1,2
15725.0,16,32,415.25,2
16344.0,159,2,101.10000000000001,0
13514.0,74,4,152.20000000000002,2
16127.0,40,40,656.2499999999999,2
17949.0,8,21,8961.870000000003,1
16814.0,15,319,6416.700000000001,1
13081.0,12,1016,28197.079999999998,1
16779.0,3,331,10611.720000000001,1
13899.0,17,19,388.52,2
13995.0,16,86,1393.69,1
12833.0,146,24,417.38,2
13379.0,27,90,554.89,1
15690.0,5,17,226.08,2
15706.0,64,55,1060.56,1
13808.0,6,74,1683.2000000000003,1
13471.0,2,252,2467.94,1
16936.0,26,55,255.06000000000003,2
16473.0,165,18,316.11,0
13122.0,95,55,922.39,1
17856.0,2,12,663.83,2
17535.0,281,13,164.39999999999998,0
17962.0,143,32,101.31,2
14972.0,129,18,114.77,2
13369.0,366,13,258.28000000000003,0
16033.0,6,1123,8668.36,1
16477.0,64,146,2494.4600000000005,1
18219.0,3,112,1994.77,1
13183.0,8,94,3957.78,1
17311.0,79,53,1190.0000000000002,1
12637.0,68,378,5715.049999999999,1
17604.0,218,63,309.36,0
16156.0,9,127,3028.24,1
17499.0,290,40,622.88,0
15125.0,26,123,10756.84,1
14689.0,209,13,112.8,0
13856.0,169,13,294.9,0
12461.0,155,33,622.3199999999999,2
17870.0,3,264,1516.1200000000001,1
18180.0,5,118,1825.5099999999998,1
12703.0,72,20,265.55,2
14710.0,15,135,598.88,1
15877.0,2,125,489.56999999999994,1
17595.0,13,82,386.69000000000005,2
14093.0,13,99,427.02000000000004,2
14397.0,3,86,2509.28,1
17218.0,5,271,1951.9700000000003,1
13089.0,3,1797,55346.34999999998,1
12854.0,79,109,1316.25,1
15339.0,67,85,561.91,2
17442.0,37,134,2216.6600000000003,1
13368.0,257,27,539.5,0
16170.0,51,113,1801.54,1
15230.0,240,23,429.59999999999997,0
16354.0,64,39,395.80000000000007,2
15763.0,32,59,991.0700000000002,1
12657.0,12,42,1217.18,1
14121.0,4,154,2695.5,1
12630.0,10,61,1013.9300000000001,1
13040.0,9,43,676.99,2
16112.0,144,9,102.62,0
12401.0,304,4,69.3,0
14585.0,51,29,157.04999999999998,2
16509.0,297,12,346.75,0
17158.0,33,67,1266.97,1
17686.0,8,284,5705.5599999999995,1
17569.0,333,29,344.14000000000004,0
16497.0,50,134,2897.89,1
16124.0,318,7,113.39999999999999,0
13301.0,104,80,617.6100000000001,2
16980.0,256,80,795.2600000000001,0
15671.0,19,75,2585.3700000000003,1
14655.0,9,49,1932.23,1
14888.0,208,20,369.2,0
16023.0,47,100,718.6700000000001,1
13720.0,117,41,705.6999999999999,2
13931.0,96,58,1237.53,1
16015.0,4,171,685.51,1
15883.0,3,49,396.48,2
14082.0,365,29,182.25,0
17855.0,373,17,208.97,0
17858.0,6,184,3426.7599999999998,1
17418.0,43,29,458.9,2
14257.0,65,104,2814.17,1
12421.0,16,41,639.04,2
14553.0,20,110,687.24,1
14491.0,176,17,340.92999999999995,0
14493.0,8,119,2343.29,1
14342.0,22,21,668.5600000000001,2
16332.0,29,150,1582.6799999999998,1
17712.0,45,28,443.01,2
18228.0,57,30,779.9000000000001,2
13767.0,3,363,15389.96,1
14865.0,8,3,43.08,2
15424.0,255,15,318.30000000000007,0
17204.0,176,53,1462.8600000000001,1
17703.0,36,55,798.7399999999999,2
18192.0,72,45,957.9699999999999,2
14184.0,67,24,452.88999999999993,2
17930.0,36,37,1394.88,1
14801.0,62,55,187.67000000000002,2
17232.0,3,35,417.77,2
14000.0,212,13,500.29999999999995,0
17313.0,32,24,2328.84,1
13329.0,32,17,789.0,2
13485.0,234,23,454.24,0
14053.0,125,4,260.25,2
16728.0,47,259,1042.58,1
14297.0,18,62,1305.33,1
12380.0,22,99,2278.11,1
13376.0,100,50,869.76,2
12364.0,8,80,1143.3,1
12726.0,29,116,2374.62,1
13639.0,75,39,795.74,2
14856.0,37,65,1290.5299999999997,1
13710.0,32,7,175.92000000000002,2
14140.0,4,65,925.9300000000002,1
17760.0,22,25,287.59,2
15865.0,41,38,794.9799999999999,2
15277.0,47,12,255.9,2
16241.0,10,650,2585.369999999999,1
15615.0,11,423,10399.74,1
13048.0,15,135,1819.41,1
17061.0,74,98,5216.28,1
17469.0,17,88,1870.97,1
17531.0,191,14,296.7,0
13890.0,2,110,1883.81,1
14720.0,6,34,612.96,2
15238.0,30,46,933.31,2
15618.0,33,44,776.8499999999999,2
12722.0,86,49,907.27,2
16140.0,66,33,542.3,2
12718.0,72,17,197.69000000000003,2
12847.0,23,79,830.72,1
16528.0,4,17,244.41000000000003,2
16654.0,142,27,562.81,2
15592.0,47,24,388.58000000000004,2
12984.0,19,4,97.5,2
12567.0,23,430,8205.130000000001,1
15716.0,146,117,1101.11,1
13033.0,358,11,190.55,0
14639.0,53,164,2848.89,1
13304.0,352,21,300.42,0
14735.0,4,193,6050.69,1
14548.0,151,4,652.8,0
17282.0,131,84,1040.23,1
13340.0,46,128,9522.239999999998,1
12849.0,32,48,1010.29,1
17092.0,51,123,1740.13,1
12982.0,243,28,390.53999999999996,0
16869.0,23,122,800.22,1
16682.0,5,29,958.88,2
14079.0,125,11,343.2,2
15745.0,20,62,1094.5900000000001,1
16758.0,66,22,369.34,2
16776.0,61,68,368.5,2
12536.0,60,250,4077.02,1
12923.0,65,28,172.82000000000002,2
12638.0,34,38,511.69,2
17458.0,16,53,314.82,2
17936.0,6,72,380.13,2
14631.0,51,40,1002.4199999999998,2
16482.0,16,17,216.05999999999997,2
14101.0,74,24,2885.99,1
15581.0,157,143,717.4300000000001,1
16607.0,18,167,2776.43,1
13523.0,34,165,3452.43,1
14146.0,9,207,4089.2999999999997,1
16701.0,9,137,5029.9,1
14878.0,13,122,1476.09,1
13138.0,23,63,962.3900000000001,1
14409.0,72,52,1901.1000000000004,1
14670.0,281,123,392.86,0
15861.0,13,535,2966.3799999999997,1
16804.0,24,60,536.99,2
18177.0,32,73,1340.8700000000001,1
15292.0,202,23,162.44,0
15969.0,3,19,582.9000000000001,2
17579.0,5,50,448.90000000000003,2
15434.0,9,55,1041.48,1
12952.0,6,76,1319.9900000000002,1
14947.0,73,13,275.82,2
15243.0,75,22,316.68,2
17623.0,33,33,527.05,2
12391.0,22,92,422.71000000000004,2
17371.0,18,86,418.4,2
17767.0,16,21,271.20000000000005,2
16943.0,212,32,800.78,0
12834.0,283,18,312.38000000000005,0
16248.0,62,7,152.94,2
17905.0,157,31,597.79,2
14341.0,46,126,2162.42,1
15227.0,37,53,1083.8,1
15764.0,89,179,3101.2200000000003,1
16339.0,285,18,94.05,0
12590.0,212,66,8951.259999999998,1
13294.0,190,54,873.74,2
18073.0,115,61,2069.9,1
13258.0,12,36,672.83,2
13486.0,79,68,1117.85,1
17361.0,50,29,488.20000000000005,2
15489.0,23,50,1134.2800000000002,1
14550.0,11,47,757.3699999999999,2
16026.0,44,32,236.09,2
17836.0,48,24,110.21000000000001,2
17430.0,33,13,261.20000000000005,2
12966.0,10,10,160.18,2
16956.0,18,16,308.74000000000007,2
17301.0,22,58,161.91000000000003,2
12668.0,12,154,3163.4700000000003,1
17802.0,83,140,1285.04,1
13599.0,2,242,5020.950000000001,1
13001.0,5,331,8693.85,1
13837.0,212,18,266.59,0
12489.0,337,13,267.03000000000003,0
12957.0,10,236,3997.709999999999,1
12948.0,17,116,2064.95,1
12701.0,80,47,683.89,2
15386.0,187,31,394.14,0
17924.0,12,31,2962.5,1
14757.0,76,19,420.5,2
13224.0,61,107,2100.2699999999995,1
17432.0,19,48,365.76,2
17561.0,20,43,163.79000000000002,2
16792.0,283,12,110.38000000000002,0
18040.0,20,19,357.2,2
16982.0,61,22,384.06,2
15464.0,339,151,883.9,0
17420.0,51,28,546.98,2
16928.0,81,203,2782.7999999999997,1
12591.0,318,25,368.84999999999997,0
18171.0,59,52,1164.51,1
17422.0,17,111,1881.29,1
16113.0,184,29,145.42999999999998,0
12624.0,107,36,569.13,2
13109.0,60,46,779.7,2
14019.0,47,65,1369.7699999999998,1
14869.0,9,69,704.4999999999999,1
12893.0,31,31,176.55,2
14953.0,26,53,271.99,2
17692.0,128,44,733.4999999999999,2
15133.0,128,27,966.3399999999999,2
14870.0,262,13,327.25,0
16959.0,88,7,117.35,2
15925.0,195,12,207.15,0
14560.0,8,73,2136.9700000000003,1
13815.0,23,170,3487.0800000000004,1
17362.0,240,34,276.28,0
15951.0,9,41,708.22,2
17725.0,17,189,3413.31,1
13300.0,170,20,371.88999999999993,0
12794.0,54,44,857.53,2
12534.0,131,61,962.2299999999999,1
14385.0,10,14,202.11,2
12920.0,18,25,128.88,2
16116.0,212,34,612.78,0
13845.0,65,9,312.98,2
17871.0,205,8,147.26,0
15061.0,4,333,37032.380000000005,1
12867.0,27,534,4009.3399999999997,1
14217.0,2,98,1969.0800000000002,1
14496.0,312,19,538.81,0
15676.0,19,195,3304.8900000000003,1
16626.0,1,170,3733.2,1
13760.0,55,57,286.7900000000001,2
15906.0,20,149,1550.74,1
18202.0,200,67,1363.0900000000001,1
16103.0,8,48,1429.64,1
12685.0,29,149,2561.4,1
16603.0,75,32,475.59,2
18154.0,4,21,399.19,2
13882.0,3,61,1067.6000000000001,1
15050.0,26,73,1724.2000000000003,1
12488.0,10,51,1070.6,1
13005.0,174,26,513.6999999999999,0
16527.0,82,13,223.5,2
17969.0,167,14,228.2,0
17912.0,311,37,310.06,0
13963.0,309,35,664.54,0
16714.0,318,85,864.06,0
16770.0,58,139,717.1500000000001,1
15270.0,16,36,1436.69,1
15421.0,59,53,950.3599999999999,1
14502.0,20,594,2380.9499999999994,1
15639.0,135,23,391.42,2
17312.0,139,14,644.3,2
15111.0,30,83,1564.6000000000004,1
14382.0,27,118,533.16,1
13146.0,27,17,228.91,2
13754.0,152,12,282.59999999999997,0
15942.0,134,14,337.44,2
15610.0,52,6,112.46,2
16899.0,8,123,1271.06,1
18283.0,4,720,2029.58,1
13782.0,13,113,908.8599999999999,1
14738.0,43,52,1289.94,1
16303.0,26,157,5191.13,1
13268.0,18,424,3087.7199999999993,1
13662.0,86,50,813.4600000000002,2
14286.0,24,280,4628.749999999999,1
15855.0,137,80,712.2400000000001,1
17242.0,109,40,1135.04,2
15030.0,72,7,518.28,2
13359.0,64,22,389.56,2
16024.0,13,61,238.43000000000006,2
17806.0,12,40,527.8,2
14859.0,13,57,1336.79,1
17727.0,16,66,1060.2500000000002,1
16642.0,5,33,681.4900000000001,2
15314.0,200,23,325.69,0
17937.0,9,43,4301.22,1
13742.0,17,308,2974.27,1
16409.0,37,231,2022.9799999999998,1
13898.0,326,9,142.25,0
14530.0,26,210,2713.41,1
13904.0,38,26,332.64000000000004,2
17931.0,135,65,408.35999999999996,2
17323.0,16,194,905.38,1
18151.0,135,38,653.35,2
17704.0,169,30,880.6299999999999,2
14844.0,64,129,2831.8100000000004,1
14898.0,24,105,1034.97,1
13527.0,34,210,2209.33,1
13972.0,71,14,185.5,2
16838.0,198,23,387.90000000000003,0
15795.0,150,38,552.3199999999999,2
17457.0,127,18,1370.5,2
14937.0,57,34,1621.88,1
17520.0,54,28,510.34999999999997,2
17082.0,34,76,1735.61,1
15554.0,278,14,217.2,0
15147.0,241,28,623.5,0
15523.0,85,10,412.01,2
14772.0,113,9,139.26,2
15127.0,66,16,406.53,2
14413.0,363,22,121.05000000000001,0
17580.0,253,45,215.72000000000003,0
16809.0,24,149,914.6899999999999,1
12408.0,33,97,2511.09,1
15491.0,96,145,2965.16,1
17746.0,241,6,110.25,0
15746.0,135,28,196.88,2
16952.0,110,16,167.60999999999999,2
13503.0,72,17,216.85,2
12454.0,57,12,2500.8399999999997,2
14102.0,6,58,1105.88,1
18034.0,22,108,411.21,2
12498.0,22,21,349.70000000000005,2
16998.0,150,4,295.0,0
16808.0,100,23,288.41999999999996,2
15504.0,82,13,52.83,2
17365.0,13,461,4674.49,1
15827.0,74,115,1836.0899999999997,1
12836.0,60,169,2440.8599999999997,1
16256.0,267,13,752.4300000000001,0
16766.0,274,34,1145.6,0
12949.0,31,215,4167.22,1
15609.0,185,15,281.53,0
15987.0,13,127,1079.43,1
16279.0,22,106,1502.78,1
14125.0,11,163,2661.7300000000005,1
16669.0,24,150,1332.96,1
17384.0,20,15,336.40000000000003,2
16892.0,2,94,451.24,2
17914.0,4,72,322.52,2
13806.0,64,10,256.38,2
13948.0,361,3,102.0,0
15262.0,324,10,178.95,0
15820.0,320,17,206.98000000000002,0
16203.0,59,35,592.9000000000001,2
14723.0,11,254,1099.3500000000001,1
14525.0,20,276,4098.89,1
17146.0,106,34,579.78,2
18239.0,219,88,1561.6100000000001,1
16904.0,5,662,3573.8499999999985,1
14621.0,2,89,1737.51,1
15939.0,90,70,5045.21,1
14292.0,8,98,4838.03,1
15410.0,85,122,3450.8400000000006,1
13035.0,74,27,921.8800000000001,2
13261.0,269,9,944.1,0
16175.0,95,58,1037.59,1
16230.0,190,35,542.0300000000001,0
13989.0,66,38,1029.9199999999998,2
15123.0,8,106,2199.31,1
18160.0,58,39,638.0600000000001,2
15134.0,15,72,1369.7500000000002,1
12526.0,1,68,1172.66,1
16066.0,17,99,1412.8,1
15274.0,5,45,707.45,2
14204.0,3,38,150.23,2
14012.0,278,11,328.79999999999995,0
14403.0,131,20,1475.8100000000002,2
15450.0,31,30,429.84000000000003,2
16022.0,261,71,602.63,0
14037.0,177,28,147.2,0
14031.0,8,236,12308.78,1
14291.0,2,236,3851.35,1
14903.0,22,344,2733.0099999999998,1
17663.0,26,84,1726.01,1
16099.0,51,39,731.9,2
16224.0,58,95,1282.5000000000002,1
15585.0,177,30,450.74,0
17444.0,152,132,2326.1200000000003,1
14584.0,170,96,967.9300000000001,1
14287.0,9,8,159.35,2
15866.0,102,41,177.99,2
15252.0,37,44,740.7800000000001,2
14820.0,22,29,507.2900000000001,2
14470.0,12,42,411.19,2
13059.0,250,8,183.4,0
13762.0,219,7,306.71999999999997,0
13663.0,180,13,189.47,0
14416.0,23,14,490.2200000000001,2
13198.0,11,222,3313.9,1
14419.0,11,202,1051.79,1
12754.0,236,51,427.38,0
17843.0,304,36,200.68,0
18095.0,313,21,580.0500000000001,0
14110.0,4,155,5683.15,1
14794.0,3,73,1227.5,1
13576.0,11,124,6678.88,1
14451.0,61,105,643.9,1
13500.0,24,65,1166.77,1
12640.0,24,49,960.6799999999998,1
13356.0,81,41,751.29,2
15762.0,66,35,549.85,2
14080.0,33,4,45.599999999999994,2
14240.0,31,42,890.3400000000001,2
14349.0,11,31,133.50000000000003,2
14960.0,9,27,221.27,2
16519.0,26,13,215.08,2
15541.0,115,29,85.13,2
12390.0,80,29,470.94,2
12753.0,23,192,20649.870000000003,1
16676.0,34,88,1512.2199999999998,1
12484.0,36,337,3934.76,1
15058.0,26,262,2032.7399999999998,1
13659.0,206,100,1432.1000000000001,1
12994.0,5,61,974.42,1
17107.0,34,410,10401.66,1
17955.0,219,18,394.09999999999997,0
14459.0,156,37,1837.92,1
13260.0,62,8,557.6199999999999,2
16412.0,54,30,135.99,2
13560.0,8,32,171.42000000000002,2
15578.0,163,13,127.1,0
12648.0,155,20,300.05,2
12513.0,113,34,558.29,2
15163.0,19,29,304.47,2
16711.0,4,21,1620.7900000000002,2
15107.0,312,16,319.49999999999994,0
17114.0,6,122,784.1700000000001,1
14320.0,207,31,477.79,0
17348.0,15,210,1131.97,1
13650.0,17,96,1836.3400000000001,1
13959.0,80,90,594.04,1
17696.0,39,115,2285.71,1
16369.0,19,116,1545.0299999999997,1
14623.0,33,132,885.0200000000001,1
18097.0,8,105,2648.0,1
15181.0,67,16,689.4799999999999,2
14868.0,4,143,2937.6400000000003,1
12631.0,58,30,480.5,2
15214.0,2,109,1656.6899999999998,1
16376.0,9,117,939.14,1
13936.0,180,25,369.73999999999995,0
14806.0,76,11,193.39,2
16395.0,61,202,1460.7799999999997,1
13408.0,2,465,26409.08,1
17630.0,170,24,431.74999999999994,0
14375.0,186,60,229.48000000000002,0
15054.0,13,112,301.72,2
15988.0,20,24,132.83,2
13745.0,163,25,300.04,0
17222.0,66,27,328.65,2
13922.0,352,7,172.25,0
13058.0,25,8,271.4,2
13230.0,5,583,2631.7000000000003,1
14978.0,73,214,1921.37,1
13313.0,23,78,1555.3200000000002,1
17047.0,86,65,1100.8999999999999,1
15334.0,157,98,350.82000000000005,2
14837.0,90,106,1636.3,1
15069.0,180,69,1092.5800000000002,1
16529.0,191,30,455.25000000000006,0
16235.0,41,45,827.4099999999999,2
13761.0,51,70,1070.65,1
12418.0,113,34,668.58,2
13726.0,39,40,1059.02,2
14432.0,10,355,2210.7599999999998,1
16379.0,5,108,2157.4,1
12457.0,67,56,1907.63,1
16872.0,78,3,148.82999999999998,2
17590.0,3,190,1419.4500000000003,1
16811.0,5,27,528.83,2
13045.0,100,18,305.28,2
13462.0,253,9,151.5,0
17581.0,1,436,10601.34,1
15628.0,5,155,2870.2400000000002,1
15150.0,18,338,5227.48,1
12955.0,2,177,4742.76,1
13184.0,15,170,1622.3500000000001,1
14651.0,68,94,599.0,1
13647.0,10,78,1648.1200000000001,1
15918.0,191,40,334.22999999999996,0
14866.0,11,78,9371.34,1
15215.0,47,34,709.94,2
14830.0,54,35,183.37,2
16043.0,38,34,689.24,2
15148.0,11,19,298.41,2
17205.0,54,11,251.6,2
12651.0,335,9,114.0,0
16422.0,18,313,25042.120000000003,1
13694.0,4,423,40716.219999999994,1
17829.0,299,30,889.2399999999999,0
16419.0,113,50,958.71,2
14377.0,192,9,561.1500000000001,0
12435.0,80,33,7120.450000000001,1
13082.0,127,66,1963.96,1
16880.0,31,174,1491.43,1
16147.0,134,22,375.0,2
13411.0,108,18,213.55,2
17303.0,362,52,233.08999999999997,0
12458.0,72,36,787.4,2
18037.0,155,18,50.07,0
15264.0,65,23,393.74,2
15379.0,170,191,3684.1700000000005,1
15570.0,8,312,4052.03,1
16143.0,4,116,2174.94,1
15916.0,17,147,1478.53,1
13162.0,123,75,1660.93,1
13501.0,289,52,1340.3200000000002,0
12945.0,289,23,462.95,0
13708.0,272,49,285.33,0
17652.0,26,252,4795.21,1
12999.0,197,28,455.87999999999994,0
12710.0,97,74,1023.02,1
14305.0,72,103,1839.4,1
17173.0,6,86,3766.6000000000004,1
15400.0,93,12,716.1999999999999,2
12715.0,107,19,263.36,2
12518.0,1,119,1840.8899999999999,1
12912.0,3,24,1662.3,1
16516.0,31,6,101.69999999999999,2
15679.0,25,99,739.9000000000001,1
15857.0,19,14,297.0,2
13428.0,11,70,201.4,2
16897.0,300,37,289.78000000000003,0
12939.0,65,36,5921.52,1
12881.0,276,6,103.0,0
14057.0,24,282,5825.0199999999995,1
14159.0,20,1146,4537.05,1
15021.0,9,436,1845.7799999999997,1
15549.0,78,113,1633.6100000000001,1
13893.0,298,21,821.1,0
12514.0,268,51,1017.6800000000001,0
18094.0,82,67,2384.2999999999997,1
12845.0,268,26,145.29,0
12831.0,263,9,215.05,0
12506.0,233,23,73.5,0
14958.0,148,39,435.88000000000005,2
12743.0,135,129,522.99,1
16200.0,5,171,1034.97,1
14250.0,8,111,1904.05,1
15821.0,45,61,554.01,2
18240.0,47,5,419.70000000000005,2
13807.0,368,7,112.6,0
14544.0,25,109,1883.6699999999998,1
17908.0,374,53,229.14999999999998,0
18179.0,10,89,1732.6899999999996,1
15673.0,89,137,2692.3300000000004,1
14740.0,198,88,1380.4099999999999,1
17265.0,139,121,549.63,1
13880.0,22,164,3185.8699999999994,1
12886.0,68,82,1378.3999999999999,1
16284.0,32,103,812.6800000000001,1
14234.0,23,140,741.8100000000001,1
13656.0,165,45,356.61,2
13821.0,145,59,385.64,2
13391.0,204,1,59.8,0
13405.0,205,25,557.45,0
18018.0,109,27,89.31,2
16978.0,78,39,344.33,2
15158.0,46,7,401.40000000000003,2
14622.0,185,21,320.5799999999999,0
17572.0,72,12,226.75,2
15601.0,12,408,6761.999999999999,1
14016.0,162,156,4207.969999999999,1
14709.0,16,196,4921.040000000001,1
17463.0,17,207,1859.2099999999998,1
14238.0,327,8,146.85,0
14562.0,4,418,4926.870000000001,1
17625.0,19,304,2014.64,1
16316.0,65,140,2316.69,1
15804.0,1,256,3906.6499999999996,1
17935.0,139,29,145.79,2
18045.0,46,43,178.34,2
13165.0,47,37,982.12,2
14716.0,44,41,264.19,2
16386.0,29,80,302.45,2
14714.0,25,9,79.55,2
15729.0,213,5,85.0,0
17724.0,72,40,1033.0,2
14569.0,2,12,227.39000000000001,2
16552.0,243,17,379.73,0
18116.0,68,368,1399.0299999999997,1
17126.0,153,245,968.21,1
16523.0,2,286,9332.43,1
17426.0,9,266,4661.96,1
17075.0,18,76,814.1700000000001,1
16960.0,39,101,507.04999999999995,1
15483.0,162,79,207.39000000000001,2
18009.0,236,31,247.39000000000004,0
15508.0,190,92,1000.2700000000001,1
16172.0,96,69,1140.21,1
14583.0,6,288,974.3899999999999,1
16764.0,4,700,2790.949999999999,1
14346.0,121,58,932.0200000000001,1
13032.0,53,71,1010.18,1
12827.0,6,25,430.15,2
13876.0,64,7,122.69999999999999,2
16245.0,24,88,1359.47,1
12882.0,10,13,1463.04,2
15645.0,19,52,612.01,2
18161.0,16,80,1618.69,1
16933.0,2,43,562.8700000000001,2
15986.0,31,14,168.11999999999998,2
12500.0,50,38,2072.0299999999997,1
17723.0,173,7,1201.4,0
16739.0,177,13,323.0,0
14081.0,303,150,921.6200000000001,0
17230.0,265,68,3621.46,1
15392.0,5,81,1509.9399999999998,1
14030.0,19,233,1782.19,1
12877.0,4,151,1522.3400000000001,1
15955.0,25,183,4416.259999999999,1
15018.0,39,28,428.76000000000005,2
14462.0,67,229,1961.7299999999998,1
16115.0,10,279,1660.8799999999999,1
16657.0,10,190,858.11,1
13341.0,261,41,758.9000000000001,0
17491.0,2,105,3185.7900000000004,1
14995.0,39,60,231.98000000000002,2
18183.0,228,37,632.07,0
16261.0,18,118,712.59,1
16949.0,4,56,758.39,2
12354.0,233,55,1028.5500000000002,0
14453.0,191,22,119.93,0
16824.0,16,26,460.63999999999993,2
12381.0,5,84,1485.31,1
15933.0,22,73,1102.9,1
14608.0,5,20,1785.15,2
13787.0,76,27,284.15000000000003,2
14554.0,11,202,2254.54,1
15025.0,34,67,361.96,2
14893.0,10,72,1212.9,1
15280.0,173,14,111.68,0
16690.0,73,11,208.63,2
15640.0,5,470,11884.900000000003,1
13078.0,4,349,11509.099999999999,1
13140.0,109,45,422.46999999999997,2
12359.0,58,230,4754.78,1
12477.0,23,299,13168.890000000001,1
12507.0,135,14,434.40999999999997,2
14227.0,27,175,3350.96,1
15907.0,4,216,875.62,1
15812.0,108,37,1611.3300000000002,1
15164.0,69,101,824.5800000000002,1
16008.0,24,33,478.78000000000003,2
16463.0,22,80,1413.0399999999997,1
16479.0,11,35,300.83,2
14219.0,5,7,89.94,2
15517.0,234,26,265.34999999999997,0
12915.0,149,22,363.65,2
13050.0,15,400,5774.110000000001,1
14653.0,2,233,1924.3700000000001,1
15727.0,17,299,4659.0599999999995,1
17377.0,24,404,4058.3199999999997,1
17164.0,33,143,2451.4,1
18108.0,255,17,271.0,0
14071.0,4,312,1400.4600000000003,1
15208.0,2,42,870.1199999999999,2
17069.0,29,142,2692.7500000000005,1
12936.0,18,62,1063.9,1
15787.0,27,199,931.1700000000001,1
15184.0,30,61,397.64,2
17290.0,4,95,501.49000000000007,1
12565.0,289,9,145.92,0
16625.0,275,23,333.08,0
18213.0,237,15,232.48,0
15219.0,177,9,305.75,0
16447.0,136,34,255.90999999999997,2
16462.0,74,3,136.0,2
17376.0,71,24,203.2,2
15998.0,37,501,3029.370000000001,1
17685.0,17,125,3148.99,1
16745.0,87,354,7120.219999999999,1
15408.0,265,32,234.28,0
14107.0,52,123,2703.2299999999996,1
13098.0,2,565,27242.899999999998,1
13299.0,269,5,142.5,0
15220.0,52,114,1748.9599999999998,1
17109.0,30,115,879.3900000000001,1
18241.0,10,104,2073.0899999999997,1
13731.0,220,38,610.59,0
13282.0,19,37,1132.1399999999999,2
13118.0,20,78,1172.81,1
17795.0,180,43,319.04,0
13311.0,5,25,581.62,2
13470.0,100,10,165.0,2
13860.0,2,75,1236.78,1
15533.0,20,80,771.0999999999999,1
14020.0,17,39,642.8,2
17835.0,3,59,342.24,2
17789.0,282,14,225.90000000000003,0
13631.0,100,11,3070.42,2
13030.0,12,90,695.89,1
14472.0,104,262,1784.8699999999997,1
15882.0,199,22,514.08,0
15965.0,18,111,808.8700000000001,1
15033.0,5,499,2509.33,1
16652.0,59,113,6258.45,1
13043.0,274,13,516.4200000000001,0
15381.0,269,7,282.3,0
15528.0,255,26,229.33,0
13951.0,177,38,651.6499999999999,2
12684.0,8,96,2017.23,1
16969.0,40,40,618.1300000000001,2
14647.0,202,28,236.04,0
16984.0,89,395,4373.82,1
14629.0,5,148,920.82,1
13189.0,19,21,222.60000000000002,2
13960.0,22,12,230.21999999999997,2
17133.0,16,21,2516.2400000000002,1
13431.0,68,46,1269.1000000000001,1
14139.0,47,26,415.82,2
13969.0,8,609,8709.750000000002,1
14180.0,11,219,4170.669999999999,1
16771.0,34,254,2242.6099999999997,1
16807.0,143,66,1106.5900000000001,1
12434.0,85,50,806.1400000000001,2
14696.0,5,127,2069.6099999999997,1
12757.0,16,353,3995.8299999999995,1
13365.0,34,126,2157.57,1
13831.0,17,71,1872.0500000000002,1
13835.0,26,54,817.6199999999998,2
12607.0,61,100,1562.56,1
13103.0,40,8,243.94,2
12374.0,26,31,589.03,2
14371.0,296,4,100.5,0
17460.0,95,29,622.43,2
12812.0,45,15,229.64,2
15830.0,38,39,576.0,2
13101.0,235,8,101.19,0
17920.0,5,647,3869.0299999999984,1
12947.0,144,92,1430.0100000000002,1
13090.0,9,147,8744.27,1
12971.0,4,298,10330.640000000001,1
15129.0,51,82,3326.77,1
16877.0,13,153,825.3,1
13339.0,201,52,826.22,0
17084.0,36,149,2747.9899999999993,1
15319.0,284,16,204.5,0
13242.0,113,13,270.40000000000003,2
15399.0,2,50,815.7699999999999,2
13308.0,23,53,1325.0300000000002,1
16123.0,52,16,307.78,2
12785.0,365,12,239.0,0
16689.0,76,12,370.76,2
17827.0,6,214,1987.1399999999999,1
14390.0,11,279,4591.1,1
14916.0,71,74,1253.02,1
15415.0,314,47,559.61,0
15543.0,289,28,127.86,0
16668.0,16,20,306.71999999999997,2
13570.0,244,27,239.49,0
13826.0,177,10,189.50000000000003,0
13814.0,93,55,1477.42,1
12384.0,29,25,425.27000000000004,2
18261.0,44,21,324.24,2
12579.0,79,28,386.42,2
12863.0,53,5,521.2,2
14744.0,17,25,1084.98,2
16882.0,67,39,705.1200000000001,2
16083.0,101,29,1308.5,2
16848.0,53,14,281.41999999999996,2
15066.0,54,42,893.59,2
17682.0,11,117,2458.3799999999997,1
14796.0,2,1125,7966.630000000002,1
17512.0,29,95,2073.9500000000003,1
17646.0,220,51,1008.39,0
14245.0,220,108,1693.4500000000003,1
15187.0,2,89,4697.379999999999,1
13474.0,237,62,226.83999999999997,0
16185.0,17,31,529.4100000000001,2
12360.0,53,124,2200.36,1
14364.0,109,68,3712.7900000000004,1
18193.0,166,16,243.76000000000002,0
14861.0,53,6,125.78999999999999,2
16971.0,39,39,207.21,2
17237.0,12,19,314.69,2
17297.0,18,47,127.8,2
15344.0,1,26,563.94,2
14951.0,80,18,305.21000000000004,2
14299.0,9,140,3814.0899999999992,1
12652.0,332,47,793.98,0
13265.0,54,87,1822.7600000000004,1
16297.0,269,20,301.9,0
12564.0,262,18,352.05000000000007,0
16681.0,73,44,1770.3400000000001,1
16488.0,34,23,398.65999999999997,2
16715.0,79,15,199.71999999999997,2
16934.0,55,60,906.08,1
14229.0,52,40,1547.2000000000003,1
15360.0,40,13,427.93,2
17100.0,19,65,971.74,1
15790.0,11,34,218.75,2
15712.0,10,53,1072.36,1
13220.0,79,21,819.29,2
13028.0,23,45,661.32,2
16302.0,127,11,233.22000000000003,2
17338.0,18,719,6490.419999999999,1
17213.0,41,156,2741.2799999999997,1
13569.0,18,78,321.67,2
18113.0,369,1,76.32000000000001,0
12594.0,38,114,3208.2200000000003,1
13168.0,37,126,1299.59,1
16511.0,22,159,918.3300000000002,1
15980.0,89,42,2295.1799999999994,1
12679.0,59,44,951.02,2
13630.0,6,70,1879.1399999999996,1
15068.0,47,101,544.6,1
17550.0,198,42,267.16,0
13134.0,86,98,1793.58,1
14704.0,20,388,1460.73,1
15438.0,132,25,156.57999999999998,2
14116.0,20,72,1382.7399999999998,1
12906.0,12,62,2784.13,1
16734.0,53,51,614.8599999999999,2
12452.0,17,21,350.57000000000005,2
17410.0,17,62,1176.26,1
17117.0,289,9,116.2,0
14891.0,149,33,554.38,2
13589.0,15,20,354.65000000000003,2
17538.0,26,8,92.66000000000001,2
14298.0,9,1535,46752.4,1
17961.0,22,243,1135.65,1
15713.0,144,19,356.7,2
12735.0,316,40,673.6199999999999,0
14224.0,111,108,918.9799999999999,1
17083.0,110,52,1405.7799999999997,1
14867.0,186,36,710.2800000000002,0
15121.0,51,26,416.07000000000005,2
15974.0,40,173,3423.03,1
14762.0,264,21,300.52,0
15976.0,166,96,427.64000000000004,2
17660.0,142,38,178.75,2
15306.0,65,58,1174.35,1
16793.0,58,16,243.83999999999997,2
18164.0,38,24,399.65,2
17797.0,23,111,780.43,1
17490.0,1,76,2092.32,1
17666.0,4,18,728.16,2
13226.0,274,16,108.21000000000001,0
17068.0,13,296,4552.14,1
14841.0,54,137,3291.2000000000003,1
15024.0,10,152,1636.43,1
16037.0,270,38,715.22,0
14329.0,18,256,4834.959999999999,1
17609.0,41,230,1060.04,1
14766.0,9,133,2467.61,1
18044.0,5,123,1986.9,1
18221.0,23,64,1041.61,1
17367.0,239,33,167.54999999999998,0
17159.0,22,100,1535.9999999999998,1
14401.0,5,173,3897.28,1
15582.0,25,44,682.9100000000002,2
12642.0,26,43,888.3099999999998,2
16049.0,41,297,1071.59,1
15522.0,33,55,397.86999999999995,2
13416.0,44,19,712.5,2
18176.0,359,30,476.3500000000001,0
15449.0,27,60,974.5200000000001,1
15730.0,66,70,1120.8799999999999,1
15152.0,10,270,4742.33,1
12412.0,75,58,1142.88,1
15505.0,53,94,3594.3999999999996,1
15256.0,149,6,98.45,0
16750.0,45,94,583.98,1
14196.0,107,6,335.52,2
16020.0,17,46,851.0099999999999,2
15475.0,78,29,454.11,2
17934.0,52,20,687.3000000000001,2
13638.0,16,8,122.64,2
15182.0,155,29,622.8499999999999,2
15234.0,277,12,185.96000000000004,0
14847.0,149,13,309.4,2
14799.0,52,12,151.94,2
15023.0,4,549,6379.61,1
16145.0,9,208,3689.4500000000003,1
14047.0,9,32,1308.61,1
16722.0,18,216,4584.53,1
15052.0,320,27,127.82999999999998,0
15228.0,67,123,3318.9099999999994,1
15114.0,31,196,2751.4399999999996,1
14046.0,285,12,144.75,0
15563.0,23,111,1380.28,1
14132.0,3,196,3556.3899999999994,1
13499.0,18,39,1038.63,2
15175.0,72,19,205.05999999999997,2
16366.0,19,18,327.3,2
12604.0,80,15,236.18,2
15388.0,271,10,140.54,0
17506.0,76,14,302.2,2
16931.0,6,873,4526.92,1
14667.0,11,564,9093.85,1
16367.0,38,123,782.5699999999999,1
14466.0,30,72,2272.3999999999996,1
13013.0,2,219,4810.94,1
17790.0,27,188,1947.3500000000001,1
16735.0,79,116,2247.41,1
14388.0,11,184,3207.0799999999995,1
15019.0,267,66,252.81000000000003,0
13362.0,10,165,3086.18,1
14041.0,267,21,141.40999999999997,0
13046.0,31,34,544.31,2
17162.0,29,104,1715.46,1
13203.0,10,55,822.67,1
15952.0,34,84,781.91,1
17749.0,179,34,642.62,2
15333.0,209,16,1028.56,0
16706.0,38,117,477.6000000000001,1
18158.0,10,34,453.4,2
13354.0,72,51,743.5300000000001,2
17459.0,44,110,652.5500000000001,1
13892.0,27,25,513.57,2
14538.0,65,19,388.25,2
13822.0,6,91,608.9599999999999,1
16416.0,27,70,1011.5,1
14362.0,23,36,150.35999999999999,2
13207.0,16,8,250.26000000000002,2
16385.0,61,56,554.48,2
17611.0,8,567,3961.1199999999994,1
17456.0,366,17,249.86,0
14235.0,76,79,3144.86,1
16146.0,158,29,734.1300000000001,2
17501.0,221,18,288.6,0
16618.0,32,91,2528.94,1
12674.0,39,78,1837.7600000000002,1
15599.0,27,52,761.7399999999999,2
16906.0,82,85,539.6400000000001,2
17480.0,78,29,511.82,2
18005.0,4,51,209.14000000000001,2
13419.0,64,16,221.06,2
16333.0,193,1,177.60000000000002,0
12413.0,67,35,656.15,2
16389.0,54,32,1309.47,2
13953.0,8,13,265.68,2
12713.0,1,37,794.5500000000001,2
17991.0,226,5,93.35000000000001,0
16450.0,150,11,311.92,2
17735.0,3,683,13085.83,1
14062.0,10,107,10139.65,1
15880.0,370,95,312.08000000000004,0
16326.0,6,299,3003.2699999999995,1
13911.0,58,142,2252.1099999999997,1
15834.0,71,263,1922.4,1
16940.0,53,301,3019.73,1
13357.0,258,88,593.4499999999999,0
15047.0,270,22,343.62,0
13394.0,2,146,2471.9700000000003,1
16258.0,46,134,4800.31,1
14691.0,31,71,2114.33,1
12790.0,193,20,294.92,0
18281.0,181,5,46.92,0
16572.0,128,56,973.65,1
14050.0,32,53,741.8,2
17317.0,47,7,1443.6,2
16999.0,24,23,484.82000000000005,2
17295.0,29,68,547.0,2
13717.0,33,93,1342.07,1
16372.0,34,92,355.72999999999996,2
12508.0,27,67,395.98,2
15032.0,257,48,3639.0999999999995,1
13581.0,310,10,118.0,0
15275.0,38,40,610.5799999999999,2
17680.0,24,11,184.4,2
16660.0,17,16,1267.65,2
14314.0,107,5,101.52000000000001,2
12709.0,16,202,9400.52,1
13736.0,6,182,659.4200000000001,1
17135.0,17,48,956.0499999999997,1
14311.0,243,20,310.26,0
13243.0,204,57,585.1200000000001,0
12358.0,2,17,928.0600000000001,2
14739.0,5,53,3132.8400000000006,1
12425.0,79,36,777.2,2
15300.0,65,28,496.44000000000005,2
14113.0,4,34,1840.42,1
17483.0,66,21,414.04,2
14104.0,166,16,76.69,0
18215.0,90,13,299.34000000000003,2
12386.0,338,10,401.9,0
17887.0,130,9,71.45,0
13838.0,6,165,674.8199999999999,1
12766.0,4,306,6457.630000000001,1
14659.0,9,253,2529.9300000000003,1
14040.0,41,229,3560.3199999999997,1
14541.0,59,105,1453.35,1
17486.0,262,24,396.87,0
15695.0,267,22,409.98,0
14465.0,247,123,1038.44,0
13571.0,13,333,2057.21,1
18150.0,33,37,566.5799999999999,2
18203.0,158,19,160.42,0
15120.0,134,19,302.91999999999996,2
13145.0,40,5,323.52,2
17037.0,88,75,1267.3200000000002,1
14474.0,47,28,514.36,2
13447.0,24,58,1112.49,1
17052.0,29,83,399.09,2
15009.0,13,177,1240.31,1
15822.0,4,33,885.4699999999999,2
13489.0,106,13,291.12,2
15514.0,13,162,3274.2000000000003,1
16010.0,246,79,392.3999999999999,0
13049.0,65,14,656.6800000000001,2
17619.0,313,74,214.36999999999998,0
17071.0,29,140,2429.03,1
16351.0,333,8,153.9,0
14443.0,54,92,1384.25,1
15281.0,59,138,2327.59,1
17890.0,323,91,586.89,0
12708.0,30,145,2379.1100000000006,1
16188.0,45,64,968.1799999999998,1
15376.0,41,115,1199.61,1
15172.0,9,105,1581.69,1
18120.0,215,17,111.15,0
15864.0,67,15,1173.12,2
13244.0,93,27,121.74,2
12865.0,27,89,1443.82,1
14607.0,16,66,9396.54,1
16322.0,2,35,320.28999999999996,2
17608.0,34,52,189.52,2
17219.0,32,25,114.22999999999999,2
16623.0,246,5,129.45,0
16483.0,193,18,123.39999999999999,0
13583.0,156,52,776.47,2
17701.0,253,24,417.95,0
17951.0,40,20,1008.5400000000001,2
13038.0,81,28,908.46,2
17817.0,5,32,192.67999999999998,2
16834.0,228,24,413.46,0
12717.0,152,51,786.47,2
16837.0,32,161,3126.67,1
13343.0,178,18,303.42999999999995,0
12930.0,79,25,415.8,2
16685.0,62,60,317.40000000000003,2
14765.0,30,39,254.11000000000004,2
13884.0,8,59,787.6,1
14633.0,267,20,344.90000000000003,0
15071.0,94,26,982.07,2
13466.0,185,17,307.9,0
17892.0,57,28,244.1,2
17678.0,264,16,298.11,0
17142.0,240,14,384.0,0
16893.0,367,45,145.93,0
16782.0,11,183,2267.95,1
14775.0,59,59,1005.0600000000001,1
16525.0,3,160,10327.750000000002,1
14532.0,237,63,915.9000000000001,0
15894.0,254,37,258.25,0
17621.0,22,26,1379.8999999999999,2
16549.0,11,924,4034.3,1
14336.0,17,88,1601.1100000000004,1
16444.0,47,82,636.58,1
13166.0,284,41,417.19999999999993,0
14289.0,9,47,911.26,1
12407.0,50,70,1417.1999999999998,1
13735.0,25,192,2818.7400000000002,1
17651.0,12,225,3874.0400000000004,1
17837.0,43,160,1476.43,1
12716.0,4,65,949.8100000000002,1
15276.0,67,47,128.06,2
15993.0,9,539,2771.3999999999996,1
13614.0,25,184,1380.0600000000002,1
14675.0,17,97,596.3599999999999,1
14448.0,10,20,375.3500000000001,2
12725.0,372,23,371.79999999999995,0
13345.0,288,19,339.50000000000006,0
12552.0,40,19,317.82000000000005,2
17408.0,164,2,32.65,0
16270.0,354,53,1073.44,0
12647.0,23,106,3064.02,1
13565.0,20,38,240.22,2
13870.0,3,114,2737.04,1
14730.0,2,452,1780.8399999999997,1
13548.0,97,121,668.4399999999999,1
14700.0,33,112,2195.1,1
15239.0,11,49,780.59,2
13755.0,4,311,2022.09,1
14968.0,31,36,146.69,2
16445.0,34,63,230.51000000000005,2
17498.0,76,15,235.74,2
17578.0,219,5,143.45999999999998,0
17677.0,2,296,16240.800000000003,1
13319.0,6,472,10709.949999999999,1
14684.0,26,387,1195.43,1
12464.0,11,20,855.35,2
14976.0,58,71,775.86,1
12691.0,29,27,927.8,2
13626.0,253,19,257.23,0
16225.0,45,134,1096.3200000000002,1
16644.0,178,62,833.78,2
17115.0,9,39,837.5,2
16756.0,215,13,239.39999999999998,0
16370.0,83,215,1182.1200000000003,1
12635.0,90,95,1494.86,1
15117.0,15,76,1183.13,1
14096.0,5,4902,47835.37000000009,1
13853.0,58,23,1090.14,2
15088.0,22,56,1075.0700000000002,1
14247.0,279,20,136.77,0
16619.0,264,14,226.20999999999998,0
12871.0,85,11,380.64,2
12577.0,36,144,625.88,1
17277.0,228,69,1065.3500000000001,0
12428.0,26,283,6361.04,1
16383.0,75,98,643.76,1
17849.0,219,22,326.15000000000003,0
17440.0,157,5,186.42,0
14907.0,4,160,3337.600000000001,1
13276.0,64,30,590.93,2
16485.0,78,40,355.2900000000001,2
15576.0,38,43,921.37,2
17274.0,36,25,107.82,2
17977.0,30,20,208.33999999999997,2
13068.0,11,2,344.0,2
14782.0,320,6,200.10000000000002,0
12573.0,228,28,160.54000000000002,0
15895.0,150,11,179.17,0
15782.0,10,39,2198.12,1
14732.0,9,144,2676.4199999999996,1
16873.0,5,277,6680.02,1
16926.0,372,14,230.25,0
12980.0,177,10,1435.68,0
17180.0,57,125,783.97,1
17329.0,15,33,523.11,2
16612.0,33,66,1187.6599999999999,1
13588.0,16,172,2441.6899999999996,1
16471.0,275,13,223.95000000000002,0
12456.0,45,121,2576.4800000000005,1
12792.0,257,24,344.54,0
14162.0,174,25,289.36,0
17629.0,6,114,1745.3100000000004,1
13771.0,65,119,2634.45,1
12649.0,108,27,554.03,2
15636.0,90,25,724.76,2
15105.0,19,101,2298.93,1
14152.0,76,46,610.25,2
14488.0,68,46,1064.28,1
16102.0,43,57,1842.1399999999999,1
16157.0,16,18,656.69,2
17094.0,323,14,302.0,0
15709.0,284,6,133.25,0
18129.0,244,14,112.54999999999998,0
17022.0,32,7,71.0,2
15888.0,81,11,167.74,2
16499.0,361,19,365.45000000000005,0
16153.0,50,89,1824.23,1
13824.0,33,46,1698.94,1
13113.0,1,199,10545.96,1
12852.0,295,17,311.55000000000007,0
16206.0,55,63,537.0600000000001,2
15805.0,24,294,5425.930000000001,1
13136.0,57,127,2607.6099999999997,1
17245.0,205,9,171.45,0
13075.0,130,22,919.6099999999999,2
17333.0,86,28,494.24999999999994,2
16198.0,76,14,400.68,2
17357.0,25,44,384.39000000000004,2
17566.0,9,142,869.7700000000001,1
12592.0,93,16,401.6,2
15263.0,107,12,156.51,2
13917.0,50,16,265.2,2
18067.0,41,37,396.33,2
15574.0,178,151,674.44,1
14428.0,8,136,1199.0600000000002,1
14657.0,18,126,848.2200000000001,1
17152.0,195,14,1689.4999999999998,0
17134.0,107,23,413.20000000000005,2
15083.0,257,5,88.2,0
17758.0,20,400,3385.4100000000003,1
17217.0,235,9,113.5,0
16624.0,81,47,794.6199999999999,2
15322.0,86,42,679.6800000000001,2
13681.0,18,57,827.8299999999999,1
15035.0,90,26,241.21,2
15006.0,52,125,475.11000000000007,1
13176.0,47,64,445.22999999999996,2
14904.0,3,52,807.1599999999999,2
12938.0,26,9,114.13999999999999,2
16313.0,4,16,274.15,2
15589.0,256,28,456.58000000000004,0
14885.0,132,15,765.32,2
14441.0,1,50,1696.24,1
14798.0,53,12,173.74,2
16658.0,369,8,123.24,0
18086.0,275,7,101.34,0
15885.0,94,16,349.35,2
15603.0,79,2,48.480000000000004,2
14975.0,58,11,279.94,2
15022.0,12,118,807.66,1
13790.0,5,42,330.55999999999995,2
13273.0,114,16,138.98000000000002,2
16079.0,17,20,943.9999999999999,2
14195.0,202,5,375.20000000000005,0
18121.0,150,31,653.3,2
16429.0,107,1,4.95,0
15503.0,363,66,141.04,0
17243.0,2,382,8439.52,1
17888.0,39,62,625.86,2
15687.0,9,166,2993.1,1
14133.0,130,27,569.6899999999999,2
15561.0,12,27,800.5899999999999,2
12922.0,162,28,405.38,2
15205.0,86,35,619.3399999999999,2
13278.0,41,45,539.37,2
14357.0,44,40,225.12000000000003,2
13858.0,58,11,216.17000000000002,2
17911.0,10,39,366.23,2
12988.0,293,83,505.82000000000005,0
16504.0,26,80,456.92,2
13069.0,1,413,4035.0800000000004,1
12683.0,5,332,7617.57,1
16719.0,15,196,1770.22,1
12494.0,16,71,1084.1000000000001,1
15723.0,365,38,190.7,0
12423.0,1,115,1600.4099999999999,1
12490.0,6,233,4850.8099999999995,1
18069.0,27,455,2007.91,1
13209.0,31,319,5853.15,1
16672.0,3,114,8134.94,1
17567.0,8,164,4099.4800000000005,1
14828.0,197,14,1405.1200000000001,0
16430.0,58,6,300.85,2
12426.0,195,27,491.28000000000003,0
17591.0,74,156,2201.39,1
12501.0,337,142,1981.08,0
16667.0,69,51,533.2800000000001,2
15416.0,65,191,3952.4199999999996,1
16584.0,81,27,831.0799999999998,2
15436.0,13,286,1066.29,1
17932.0,30,90,1331.57,1
13029.0,31,8,499.0,2
18101.0,12,40,222.39999999999998,2
13016.0,74,44,722.09,2
14834.0,18,67,1720.3,1
12596.0,52,24,446.90999999999997,2
12371.0,60,62,1527.9600000000003,1
17904.0,22,34,181.07,2
17503.0,3,36,549.8399999999999,2
13954.0,2,21,340.22,2
13093.0,276,159,7832.469999999999,1
15384.0,170,41,642.4099999999999,2
16510.0,373,13,248.10000000000002,0
14431.0,303,17,470.36,0
13418.0,12,298,5838.36,1
17360.0,18,125,568.2400000000001,1
18096.0,12,191,832.5700000000003,1
14592.0,36,157,555.6600000000001,1
12781.0,64,24,786.7400000000001,2
14788.0,8,30,679.44,2
14708.0,3,27,988.13,2
15318.0,4,29,289.82000000000005,2
17824.0,52,12,256.64,2
16210.0,2,111,6113.18,1
16327.0,15,317,3820.2699999999995,1
15547.0,8,681,4645.44,1
17596.0,24,256,2474.68,1
14527.0,3,946,8066.290000000004,1
13267.0,3,211,4521.489999999999,1
12451.0,11,340,8722.37,1
14769.0,3,1050,10113.99,1
13975.0,32,327,2458.42,1
13199.0,4,104,7398.28,1
16398.0,155,76,1517.3,1
13637.0,53,99,804.2999999999998,1
18102.0,2,266,66370.00000000001,1
17960.0,172,26,73.78000000000002,0
12697.0,29,38,757.5899999999998,2
16438.0,6,129,796.07,1
15977.0,18,63,981.62,1
13227.0,202,9,257.7,0
14259.0,142,5,120.0,0
18075.0,24,139,2582.3600000000006,1
14871.0,4,93,501.28000000000003,1
15605.0,37,66,1178.2800000000002,1
17869.0,108,36,344.37999999999994,2
14754.0,45,41,638.05,2
12951.0,9,62,1047.12,1
15059.0,41,232,1280.39,1
18061.0,22,44,1706.13,1
14503.0,4,163,3511.36,1
13510.0,2,115,1791.56,1
14117.0,144,3,90.0,0
14076.0,130,43,101.72,2
17957.0,67,28,101.59,2
17256.0,108,16,240.0,2
16114.0,171,8,135.75,0
14962.0,271,5,126.7,0
13132.0,262,3,77.3,0
13778.0,104,9,178.70000000000002,2
18055.0,8,353,6607.74,1
13187.0,338,37,236.01999999999998,0
14737.0,4,17,1164.55,2
18125.0,30,192,1131.75,1
14404.0,34,97,1423.59,1
13901.0,73,143,2748.67,1
13141.0,85,134,2386.2500000000005,1
17966.0,152,61,594.43,2
15062.0,72,55,969.2400000000002,1
16693.0,69,58,457.9100000000001,2
14356.0,80,33,701.2300000000001,2
13810.0,29,31,725.81,2
13739.0,19,3,216.9,2
13780.0,8,55,257.26,2
16384.0,90,33,584.5,2
13669.0,51,8,213.75,2
16213.0,79,6,159.0,2
17096.0,16,48,1022.1300000000001,1
17286.0,22,44,151.37,2
12641.0,116,9,145.9,2
12744.0,57,210,8610.89,1
16791.0,30,313,1704.64,1
15443.0,2,368,3128.8399999999997,1
12878.0,237,47,854.9900000000001,0
16775.0,11,152,1621.3299999999997,1
17042.0,3,96,1032.0200000000002,1
17058.0,82,62,1179.8899999999999,1
14407.0,108,66,1979.26,1
17731.0,80,61,1087.5600000000002,1
14323.0,115,36,605.0600000000001,2
16723.0,108,39,387.61,2
17564.0,25,49,454.01,2
13704.0,6,128,2260.27,1
17350.0,9,69,1276.57,1
17383.0,5,49,193.39000000000001,2
14479.0,254,18,316.25,0
12759.0,53,89,1343.6399999999999,1
17711.0,11,22,380.53999999999996,2
12733.0,235,22,383.95000000000005,0
16535.0,6,31,593.75,2
12415.0,25,503,67004.37,1
14932.0,366,16,313.53,0
17786.0,86,68,266.85,2
14156.0,10,1230,70376.01999999999,1
13800.0,310,32,526.4200000000001,0
18225.0,4,267,5482.16,1
15632.0,16,163,3257.04,1
15990.0,45,52,792.11,2
16180.0,101,162,10254.18,1
15178.0,261,3,40.5,0
12623.0,277,17,269.1,0
17349.0,180,8,98.25,0
14408.0,11,105,2597.5099999999998,1
16744.0,12,234,1274.69,1
13812.0,43,33,485.0,2
15659.0,44,11,306.45000000000005,2
14205.0,17,24,466.70000000000005,2
17427.0,72,2,100.8,2
13323.0,4,21,787.85,2
16598.0,286,10,145.05,0
15909.0,174,7,191.94,0
13737.0,201,30,339.6,0
14029.0,64,15,467.65999999999997,2
15350.0,374,5,115.65,0
14210.0,106,102,1905.8400000000001,1
15800.0,108,117,696.89,1
16007.0,48,379,1688.3000000000002,1
18204.0,72,192,1975.3499999999997,1
15594.0,16,103,1771.7800000000002,1
14908.0,75,9,277.79999999999995,2
15587.0,51,9,913.68,2
15320.0,45,35,197.53000000000003,2
12475.0,54,34,665.38,2
14582.0,41,6,114.11000000000001,2
14518.0,65,13,120.94,2
14176.0,298,31,576.9000000000001,0
15606.0,62,77,2920.1600000000003,1
13784.0,10,27,1935.7499999999998,1
17226.0,309,20,390.13000000000005,0
17838.0,27,115,2540.1200000000003,1
16250.0,262,24,389.44,0
16950.0,57,39,1152.72,2
15860.0,41,135,864.46,1
14702.0,2,332,3065.3399999999997,1
15353.0,255,61,770.1200000000001,0
16135.0,263,21,517.55,0
17716.0,23,243,5622.09,1
13324.0,37,65,5597.31,1
16053.0,33,83,1454.3500000000001,1
15081.0,23,32,488.15,2
17813.0,15,342,1556.67,1
16895.0,65,62,202.26999999999998,2
15836.0,51,9,112.37,2
17101.0,11,42,1621.73,1
16456.0,100,108,2157.6099999999997,1
17019.0,12,225,1256.37,1
17706.0,5,377,10119.890000000001,1
15862.0,9,144,798.48,1
15808.0,307,195,3651.2699999999995,1
15670.0,297,12,173.05,0
14852.0,59,142,2819.74,1
18036.0,33,93,402.3200000000001,2
12942.0,132,69,658.65,2
18287.0,43,70,1837.28,1
15108.0,142,57,1159.25,1
12453.0,135,43,707.09,2
12569.0,3,157,3152.69,1
16426.0,3,350,1859.96,1
17461.0,23,104,732.1,1
12680.0,1,49,790.81,2
16546.0,291,25,787.1499999999999,0
17893.0,226,15,107.21,0
15435.0,23,29,149.29,2
14354.0,6,9,163.61999999999998,2
13686.0,183,8,72.0,0
15012.0,54,122,405.04,2
16503.0,107,83,1398.0300000000002,1
16726.0,27,178,1358.74,1
17091.0,3,194,3807.8100000000004,1
15144.0,9,217,6580.44,1
13239.0,262,19,323.8,0
16586.0,249,8,463.95,0
13524.0,41,25,650.1800000000001,2
14619.0,246,20,394.44,0
16005.0,13,201,578.71,1
16464.0,20,224,1225.41,1
13833.0,160,28,383.84999999999997,2
15053.0,5,64,648.6899999999999,2
14965.0,97,81,596.0899999999999,2
15511.0,12,158,900.5300000000001,1
16602.0,37,28,511.12999999999994,2
14703.0,15,22,318.17,2
16343.0,17,43,328.58000000000004,2
14177.0,87,40,542.62,2
16338.0,158,11,214.79999999999998,0
14692.0,138,68,591.55,2
12727.0,11,130,3431.34,1
14755.0,10,234,4970.33,1
17416.0,30,268,6881.42,1
14315.0,45,98,2394.33,1
13934.0,264,31,922.1000000000001,0
12866.0,284,25,499.12000000000006,0
17589.0,61,252,2368.22,1
18178.0,129,97,1590.81,1
17073.0,18,174,1446.09,1
16360.0,5,630,3332.03,1
12883.0,25,41,686.5200000000001,2
15096.0,43,11,219.39,2
16595.0,62,83,358.69,2
15853.0,52,30,110.8,2
14715.0,25,69,846.4300000000001,1
16141.0,89,29,586.5000000000001,2
15789.0,359,25,351.29999999999995,0
12916.0,139,103,2944.95,1
15569.0,104,30,1375.14,2
16755.0,115,163,1470.11,1
15658.0,191,47,1004.1500000000001,2
16159.0,282,14,348.2,0
18149.0,51,16,612.0799999999999,2
12545.0,76,48,832.3900000000001,2
13851.0,96,80,1763.4599999999998,1
13072.0,267,7,177.15000000000003,0
16142.0,250,37,535.3399999999999,0
13881.0,4,159,12189.759999999998,1
12815.0,148,45,863.46,2
13464.0,59,40,657.73,2
13171.0,22,44,335.21,2
15847.0,39,21,328.78999999999996,2
14555.0,58,19,312.54,2
18078.0,218,29,336.13,0
16275.0,197,33,559.87,0
16647.0,170,14,214.06,0
17223.0,311,47,381.89,0
14415.0,2,578,5838.619999999999,1
12747.0,3,102,4180.06,1
15626.0,75,48,670.04,2
13149.0,15,83,1630.4599999999998,1
16843.0,43,343,9816.06,1
16392.0,270,43,217.89,0
17090.0,5,60,1973.5100000000002,1
13493.0,276,5,394.95000000000005,0
17050.0,97,307,3184.8799999999997,1
17854.0,186,15,311.26,0
12363.0,110,23,552.0000000000001,2
12450.0,157,8,197.88,0
15201.0,88,69,1236.54,1
12541.0,30,49,841.1800000000001,2
15755.0,11,141,2364.25,1
17728.0,4,161,2808.21,1
13336.0,78,51,795.1199999999999,2
17396.0,40,22,5613.599999999999,1
13792.0,67,13,195.54999999999998,2
15366.0,76,44,602.51,2
16924.0,22,80,825.33,1
17495.0,8,27,497.56000000000006,2
17266.0,3,73,296.5799999999999,2
15922.0,374,11,369.49999999999994,0
14393.0,219,5,67.95,0
15422.0,324,6,97.7,0
14673.0,4,74,1736.4000000000003,1
17231.0,13,529,3121.119999999999,1
13600.0,313,19,219.51999999999998,0
13328.0,317,16,1042.08,0
14239.0,44,111,2346.95,1
17171.0,290,16,224.91,0
12770.0,211,12,1351.4499999999998,0
16883.0,188,36,252.52999999999994,0
12844.0,30,52,325.96000000000004,2
15343.0,88,21,364.5,2
15826.0,57,68,1654.31,1
14206.0,240,20,328.16,0
16763.0,199,22,594.9,0
13522.0,31,5,125.80000000000001,2
17928.0,46,22,195.58999999999997,2
18173.0,87,29,1900.9200000000003,1
14729.0,374,71,313.48999999999995,0
13468.0,2,301,5688.0199999999995,1
12348.0,76,21,1186.6799999999998,2
12705.0,16,323,6365.97,1
17667.0,67,116,2055.51,1
17272.0,43,114,2148.63,1
17654.0,278,22,117.54999999999998,0
16152.0,269,26,1727.34,0
16096.0,265,11,195.62,0
16469.0,24,169,609.33,1
14776.0,52,117,2538.2999999999997,1
13950.0,12,32,628.36,2
17783.0,73,67,283.46999999999997,2
16633.0,18,150,2848.15,1
15394.0,10,85,2183.54,1
13695.0,32,86,2444.1300000000006,1
12429.0,10,94,3388.4,1
14412.0,43,38,747.5999999999999,2
15478.0,41,44,1399.9199999999998,1
17259.0,149,116,581.23,1
14002.0,135,38,478.24,2
13741.0,72,34,668.4300000000001,2
16183.0,68,15,338.71000000000004,2
15116.0,18,45,1352.75,1
16757.0,319,7,106.83000000000001,0
13529.0,79,13,206.06,2
16614.0,183,26,506.19,0
17372.0,41,250,1335.28,1
17894.0,72,190,1087.0600000000002,1
17346.0,4,477,2595.66,1
14643.0,171,28,680.13,2
14127.0,123,44,709.71,2
14209.0,11,86,2033.5300000000002,1
14711.0,11,340,2184.62,1
16242.0,9,291,3562.91,1
17733.0,39,35,692.1899999999999,2
16996.0,31,37,1456.9599999999998,1
16119.0,9,16,423.35999999999996,2
12752.0,82,53,4366.78,1
17081.0,26,63,288.90999999999997,2
16432.0,65,7,143.4,2
15444.0,10,213,1408.3300000000004,1
17759.0,18,88,816.03,1
17397.0,23,88,664.46,1
17446.0,177,9,120.90000000000002,0
12981.0,30,20,372.22,2
17053.0,131,13,498.47999999999996,2
14780.0,55,26,430.73,2
13938.0,36,7,71.66,2
16852.0,11,7,100.4,2
18191.0,262,7,207.79999999999998,0
17191.0,29,232,2058.5,1
15465.0,20,97,7354.619999999999,1
12578.0,22,112,2402.51,1
14549.0,312,56,289.23999999999995,0
16317.0,120,69,1341.65,1
17517.0,309,11,153.93999999999997,0
12656.0,18,117,3534.4199999999996,1
13601.0,46,97,688.9499999999999,1
15412.0,172,10,190.53000000000003,0
17041.0,27,68,1066.9299999999998,1
13236.0,25,35,712.9499999999999,2
16910.0,5,540,1489.3500000000001,1
14138.0,2,46,965.8800000000001,1
15347.0,367,5,201.60000000000002,0
13508.0,244,12,110.97,0
13711.0,219,13,252.06,0
12427.0,22,27,639.32,2
18016.0,33,121,1443.76,1
13334.0,83,265,3502.32,1
17001.0,1,163,3838.0200000000004,1
12462.0,19,60,937.59,1
15643.0,192,29,596.1999999999999,0
14129.0,2,52,1123.8600000000001,1
17080.0,23,8,287.62,2
17214.0,61,100,974.1199999999999,1
16356.0,198,31,211.77000000000004,0
14515.0,18,97,2056.94,1
13211.0,11,55,1095.42,1
17637.0,32,35,547.0600000000001,2
16753.0,59,33,221.04000000000002,2
16414.0,22,7,126.25,2
16063.0,261,23,335.32,0
16041.0,142,3,1487.0,2
16042.0,23,67,1126.6200000000001,1
13923.0,54,20,351.13,2
16017.0,48,31,191.93,2
17017.0,3,250,8546.9,1
16710.0,20,392,2448.1600000000003,1
15288.0,44,88,2306.52,1
15845.0,18,138,3711.77,1
13077.0,2,108,710.36,1
16992.0,11,91,1580.4099999999999,1
16253.0,67,121,3656.4999999999995,1
15258.0,169,33,591.26,2
16987.0,4,125,1541.0000000000002,1
13919.0,60,25,331.86,2
13410.0,25,28,1003.0600000000001,2
13692.0,25,52,1452.37,1
15768.0,116,26,371.83,2
13519.0,79,8,122.75,2
17279.0,58,8,162.88,2
16903.0,30,55,362.82,2
13272.0,32,15,276.56,2
12540.0,20,453,11414.689999999999,1
12472.0,33,330,5997.43,1
17076.0,37,24,816.08,2
14901.0,12,96,1421.29,1
12714.0,10,252,4289.700000000001,1
12539.0,23,266,5449.7,1
16730.0,53,78,714.3100000000001,1
14175.0,60,146,3069.75,1
17988.0,12,37,161.17000000000002,2
13320.0,79,105,1532.2,1
17828.0,23,64,1165.09,1
12405.0,149,53,1390.3899999999999,1
15364.0,96,29,913.19,2
13504.0,65,22,295.93,2
17620.0,60,4,81.44,2
15520.0,2,17,320.7,2
14905.0,158,17,616.1499999999999,2
12974.0,198,7,124.85000000000002,0
18117.0,26,68,295.27,2
14411.0,311,14,1063.0,0
12888.0,215,5,354.12,0
14083.0,5,174,968.6700000000001,1
15448.0,313,28,494.64,0
13684.0,286,29,65.13000000000001,0
14636.0,37,28,609.85,2
16571.0,27,84,1378.6700000000003,1
17542.0,270,24,168.24999999999997,0
17994.0,122,77,640.99,2
16806.0,104,92,736.2100000000002,1
17505.0,162,52,1145.8400000000001,1
15091.0,68,30,480.71,2
17131.0,6,133,2443.2200000000003,1
13309.0,8,104,1436.27,1
14567.0,57,33,1530.3600000000004,1
14216.0,4,57,1799.3,1
12586.0,18,10,194.06,2
16634.0,223,9,217.9,0
12748.0,1,4312,28587.379999999986,1
17189.0,107,59,381.46999999999997,2
13769.0,3,131,2728.71,1
12561.0,303,16,238.85000000000002,0
13263.0,2,1653,7334.080000000001,1
13208.0,59,148,1217.65,1
12820.0,4,59,942.3400000000001,1
13900.0,184,43,740.95,2
14075.0,5,43,942.26,2
15530.0,22,106,1491.5499999999997,1
14823.0,181,70,321.43,0
14475.0,72,42,925.8499999999999,2
15289.0,30,58,939.7800000000001,1
13940.0,18,49,839.1400000000001,2
14360.0,32,113,1999.68,1
14535.0,61,326,2849.7,1
15031.0,5,110,653.19,1
12962.0,8,16,266.39,2
16362.0,33,77,709.99,1
13348.0,65,14,233.76000000000002,2
18081.0,37,17,343.45,2
13705.0,8,27,546.86,2
15235.0,218,141,2213.61,1
17571.0,51,266,1402.06,1
14194.0,5,576,11243.489999999998,1
15550.0,5,61,575.63,2
12584.0,4,86,2033.8000000000002,1
16592.0,5,216,4113.68,1
12755.0,281,3,17.549999999999997,0
13563.0,85,46,522.97,2
13888.0,120,39,595.67,2
15801.0,47,64,1063.95,1
15307.0,96,12,205.3,2
16900.0,17,77,878.7900000000001,1
17018.0,41,16,920.0999999999999,2
13657.0,11,15,367.14000000000004,2
14348.0,261,18,409.57,0
12732.0,180,11,218.26000000000002,0
16211.0,89,23,547.02,2
14089.0,57,13,158.75,2
15759.0,219,7,253.04000000000002,0
13085.0,158,22,416.08,2
17900.0,191,5,97.19999999999999,0
13321.0,73,10,335.36,2
17976.0,373,56,320.84000000000003,0
12720.0,3,336,5036.7699999999995,1
18119.0,368,29,180.7,0
14099.0,17,248,3081.2200000000003,1
17235.0,26,29,550.06,2
13506.0,317,26,458.52000000000004,0
15620.0,57,98,1518.9099999999999,1
15596.0,101,77,1406.59,1
13859.0,327,28,201.16,0
15245.0,135,89,2515.84,1
17288.0,10,138,1397.4899999999998,1
15453.0,2,279,1371.7700000000002,1
13157.0,50,87,1741.22,1
12436.0,100,15,429.01,2
14931.0,5,37,860.12,2
12572.0,9,56,876.0200000000001,1
17379.0,12,70,361.19,2
15773.0,6,9,147.52,2
16955.0,185,24,467.82,0
13473.0,61,21,422.64,2
15462.0,95,11,234.6,2
15417.0,86,28,508.79999999999995,2
17511.0,3,846,73024.47,1
12839.0,3,314,5591.42,1
14189.0,3,257,4595.159999999999,1
17088.0,29,114,1966.01,1
15407.0,34,147,851.7399999999999,1
14482.0,19,135,1862.16,1
17120.0,234,18,307.46,0
15577.0,152,39,258.88000000000005,2
14552.0,152,57,164.21999999999997,2
15396.0,113,14,288.18,2
13318.0,2,20,640.76,2
13062.0,192,9,271.5,0
16161.0,2,463,5370.0199999999995,1
17968.0,374,81,265.1,0
14032.0,3,143,2975.5899999999997,1
14221.0,43,189,3354.2999999999993,1
14447.0,19,70,1163.2299999999998,1
18065.0,6,136,2359.53,1
13421.0,41,101,1824.59,1
12613.0,58,149,3092.38,1
17615.0,131,14,329.6,2
14656.0,170,79,289.72,2
17040.0,138,15,449.7299999999999,2
14626.0,24,121,2751.3199999999997,1
16820.0,96,24,464.71,2
17895.0,45,14,88.61,2
12676.0,25,39,1091.3899999999996,2
17025.0,61,9,357.77,2
12664.0,9,28,4391.88,1
16393.0,3,327,3040.9599999999996,1
15044.0,20,440,7566.240000000001,1
15373.0,9,129,2363.82,1
13455.0,25,46,1058.34,1
12388.0,16,99,2762.4200000000005,1
17774.0,97,152,1197.78,1
13753.0,288,35,741.2600000000001,0
16440.0,8,280,3631.55,1
18242.0,73,76,2184.64,1
17588.0,101,21,1178.88,2
17043.0,33,102,1735.1799999999998,1
14359.0,20,54,895.23,1
14539.0,16,31,534.12,2
18088.0,62,35,164.70000000000002,2
14039.0,34,6,152.2,2
13874.0,359,17,361.70000000000005,0
12797.0,366,12,226.03000000000003,0
18218.0,212,20,641.92,0
13398.0,193,26,457.34000000000003,0
13460.0,30,17,183.43999999999997,2
13065.0,374,14,205.86,0
16553.0,164,80,5327.660000000001,1
13317.0,67,123,2253.73,1
16495.0,4,86,600.4100000000001,1
12976.0,212,22,738.5999999999999,0
14591.0,16,166,1234.8300000000002,1
15135.0,240,9,139.05,0
15623.0,142,19,301.03000000000003,2
18127.0,20,44,315.23999999999995,2
14818.0,74,48,657.8,2
14006.0,116,29,946.24,2
12832.0,33,27,383.03000000000003,2
12965.0,90,108,769.81,1
16080.0,82,10,217.16000000000003,2
16177.0,51,15,331.95000000000005,2
12559.0,311,20,525.71,0
15807.0,51,48,903.9,2
15532.0,26,248,1509.8799999999999,1
15983.0,23,112,1465.12,1
17676.0,5,77,1371.18,1
16918.0,50,128,1068.82,1
15290.0,5,201,7766.94,1
16374.0,67,106,461.57000000000005,2
15367.0,58,95,1877.5899999999997,1
17398.0,115,38,653.38,2
16709.0,85,75,2894.27,1
17974.0,25,162,694.0300000000001,1
17597.0,214,53,1943.94,1
15143.0,226,14,259.45,0
14191.0,2,254,4654.04,1
17946.0,234,19,99.68,0
16131.0,52,78,3506.54,1
15624.0,117,32,566.85,2
13678.0,152,10,152.0,0
14918.0,116,45,1610.15,1
15494.0,22,122,1280.5800000000002,1
16591.0,69,10,213.5,2
17181.0,58,22,160.72,2
14857.0,60,60,1173.1200000000001,1
17403.0,37,32,263.92,2
16311.0,18,37,616.26,2
13052.0,213,18,348.15,0
17880.0,365,26,458.91999999999996,0
13355.0,123,32,674.6999999999999,2
16805.0,174,96,449.78999999999996,2
13451.0,27,432,2897.8999999999996,1
16350.0,22,57,1116.47,1
12402.0,324,10,195.6,0
18198.0,5,152,3797.399999999999,1
16769.0,261,38,361.53999999999996,0
18010.0,257,13,157.85,0
17873.0,81,42,1719.5800000000002,1
17234.0,183,14,149.89,0
16358.0,2,109,2027.5,1
12990.0,32,13,409.50000000000006,2
12535.0,92,34,716.3499999999999,2
13167.0,19,64,749.5699999999999,1
17247.0,16,52,246.19000000000003,2
12953.0,10,16,304.84999999999997,2
12876.0,58,83,2053.02,1
17154.0,76,21,313.26,2
14295.0,41,5,166.20000000000002,2
16810.0,193,15,309.54,0
18135.0,30,20,681.91,2
12566.0,87,18,297.65,2
15028.0,9,48,627.1300000000001,2
17865.0,31,369,10509.37,1
17732.0,373,18,303.97,0
17524.0,362,6,145.0,0
18257.0,40,118,2337.63,1
15660.0,26,89,1596.2999999999997,1
16221.0,37,94,855.0999999999999,1
14154.0,240,51,1150.62,0
14883.0,19,52,757.0299999999999,2
14948.0,24,63,1101.97,1
17709.0,170,6,87.5,0
17528.0,2,242,3153.7799999999997,1
16160.0,66,18,732.96,2
15327.0,53,10,208.75,2
14317.0,65,24,508.58000000000004,2
15097.0,5,25,248.07999999999998,2
13799.0,117,39,688.8599999999999,2
14840.0,268,4,62.85,0
14147.0,79,5,483.40000000000003,2
15223.0,226,20,755.7500000000001,0
13777.0,1,166,12627.519999999999,1
16125.0,368,13,289.35,0
14913.0,36,81,1182.71,1
12853.0,135,78,1957.1000000000001,1
17128.0,335,14,157.08999999999997,0
14669.0,242,164,1222.46,1
13137.0,11,684,3602.4500000000003,1
13144.0,333,3,110.95,0
16712.0,10,435,3574.5299999999997,1
14572.0,4,260,2760.6400000000003,1
14312.0,47,85,1568.4,1
14193.0,68,42,853.39,2
15694.0,1,76,6326.16,1
14687.0,107,14,549.18,2
15701.0,3,223,1491.6100000000001,1
14712.0,30,25,917.07,2
15791.0,44,75,1612.6899999999998,1
15837.0,65,24,391.98,2
17885.0,13,52,153.46,2
17877.0,171,12,237.61,0
17386.0,8,26,1626.6599999999999,1
15947.0,83,29,1708.24,1
16106.0,66,6,108.38,2
15526.0,34,4,148.44,2
17278.0,242,14,206.09,0
15460.0,355,56,214.26,0
15485.0,31,85,2564.5000000000005,1
12422.0,96,38,683.56,2
18230.0,10,86,2810.2,1
16871.0,23,135,2744.54,1
13555.0,74,135,4098.88,1
14593.0,22,147,613.2499999999999,1
12924.0,89,29,781.0600000000001,2
17014.0,9,72,583.4300000000001,2
16790.0,4,93,1545.62,1
17453.0,18,19,486.7199999999999,2
17155.0,18,19,248.82,2
12367.0,5,10,150.9,2
16282.0,340,11,168.29999999999998,0
16859.0,145,50,682.8600000000001,2
16500.0,5,10,235.86,2
12721.0,32,151,2332.3999999999996,1
17315.0,2,463,6072.75,1
13999.0,11,207,3899.53,1
17860.0,369,52,226.45000000000002,0
17454.0,193,61,517.53,0
14161.0,216,104,1097.6200000000001,1
17921.0,65,142,820.23,1
14957.0,254,12,58.49,0
17883.0,4,140,662.0600000000002,1
16401.0,2,178,3504.08,1
17423.0,47,26,698.41,2
12480.0,29,148,2566.33,1
13158.0,95,78,1197.7,1
16761.0,97,13,316.62,2
12512.0,67,31,132.17999999999998,2
16478.0,26,17,330.99999999999994,2
13602.0,65,23,428.89,2
13926.0,24,10,183.9,2
17636.0,20,20,285.56,2
17742.0,114,13,308.21000000000004,2
15049.0,274,3,121.17000000000002,0
15930.0,68,21,426.63,2
16648.0,43,19,290.65999999999997,2
12361.0,288,9,174.90000000000003,0
13108.0,373,10,350.06000000000006,0
14594.0,8,52,363.33000000000004,2
16255.0,17,267,2594.17,1
14748.0,30,88,1411.7500000000002,1
16907.0,30,138,895.1599999999999,1
16496.0,9,95,1599.52,1
16126.0,30,117,6287.7699999999995,1
18172.0,15,184,5929.679999999999,1
13060.0,254,15,307.53,0
12843.0,66,103,1702.2600000000002,1
13952.0,218,135,3217.17,1
12447.0,244,25,431.49,0
17970.0,212,29,562.79,0
13437.0,15,161,3190.6099999999997,1
16484.0,174,24,389.3,0
12985.0,1,70,1136.18,1
17668.0,2,15,347.75,2
12349.0,19,70,1353.8000000000002,1
13546.0,13,96,618.21,1
17373.0,41,57,646.9200000000001,2
15304.0,61,23,694.4000000000001,2
13476.0,179,55,971.52,2
15124.0,23,15,184.19,2
17046.0,158,22,642.02,2
14524.0,32,192,1687.4599999999998,1
15545.0,55,80,288.97,2
13593.0,109,127,2011.8800000000003,1
13700.0,27,194,2248.63,1
16320.0,173,56,1038.4599999999998,1
15440.0,55,62,383.68,2
15757.0,66,45,714.4200000000001,2
17734.0,54,43,700.63,2
14963.0,10,189,1471.9099999999999,1
14722.0,148,28,180.42000000000002,2
18112.0,13,26,352.68999999999994,2
18013.0,156,31,187.29,2
14128.0,61,46,637.5000000000001,2
16718.0,370,44,606.05,0
14214.0,31,63,954.5200000000001,1
13781.0,251,17,127.84,0
15912.0,179,19,264.62,0
18222.0,93,18,430.84,2
17251.0,363,37,269.8299999999999,0
16556.0,67,205,3279.8900000000003,1
14587.0,19,371,1580.2900000000002,1
17613.0,23,303,4529.67,1
15132.0,19,52,977.9300000000001,1
13642.0,216,55,279.38,0
15249.0,32,346,6649.829999999999,1
15041.0,171,65,178.02999999999997,0
12643.0,129,16,1627.4000000000003,2
12615.0,3,101,2093.19,1
15325.0,104,48,161.74,2
15472.0,114,75,370.96,2
13621.0,117,17,206.96999999999997,2
13061.0,73,10,248.60999999999999,2
15103.0,32,33,593.36,2
15240.0,45,77,1696.57,1
13980.0,61,9,191.02,2
17253.0,19,17,162.31,2
16400.0,95,28,286.98,2
14256.0,261,53,969.0600000000001,0
17188.0,12,84,2474.23,1
14506.0,18,295,1960.6499999999999,1
13475.0,192,85,1406.8300000000002,1
14665.0,61,83,1717.0500000000002,1
16767.0,31,219,5482.679999999999,1
15296.0,51,194,3672.8599999999997,1
17364.0,1,404,4441.93,1
14988.0,212,40,334.53999999999996,0
13285.0,24,184,2658.27,1
14338.0,162,31,588.22,2
16298.0,23,26,548.2,2
12465.0,18,45,682.1899999999999,2
17958.0,117,7,508.46,2
15573.0,32,94,588.34,1
12527.0,82,17,330.71,2
13363.0,18,57,889.6199999999999,1
13292.0,39,31,578.9399999999999,2
12660.0,12,12,227.10000000000002,2
12350.0,311,16,294.40000000000003,0
14761.0,59,11,255.90000000000003,2
17187.0,227,10,203.95,0
17079.0,79,2,118.80000000000001,2
15034.0,16,383,4155.07,1
16134.0,22,35,618.09,2
13021.0,5,130,2556.4799999999996,1
12826.0,3,89,1465.6,1
15179.0,19,90,2038.23,1
14825.0,4,120,2221.01,1
18136.0,64,38,784.33,2
16431.0,214,76,623.28,0
17898.0,86,28,152.06,2
14414.0,92,86,1395.44,1
14511.0,12,67,1289.81,1
16594.0,76,53,181.09,2
18252.0,51,93,478.37000000000006,2
12610.0,23,98,1679.74,1
16830.0,39,23,325.90999999999997,2
14284.0,31,32,595.25,2
12478.0,4,35,545.99,2
15539.0,8,41,538.4599999999999,2
14220.0,248,21,632.4,0
14215.0,12,106,1766.9200000000003,1
13697.0,39,12,151.29999999999998,2
14666.0,25,13,192.84999999999997,2
17698.0,261,8,154.95,0
13866.0,75,7,145.67000000000002,2
12515.0,354,15,278.7,0
12913.0,5,48,2453.6299999999997,1
16062.0,10,63,1121.7199999999998,1
18008.0,71,25,343.45,2
15529.0,23,660,3955.9199999999996,1
15858.0,16,187,1427.47,1
15641.0,106,115,1866.08,1
12669.0,151,97,1410.7800000000002,1
17770.0,199,38,1143.27,0
13235.0,213,57,997.1700000000001,0
15625.0,104,64,1534.2599999999998,1
16678.0,3,162,3105.43,1
14842.0,44,144,2529.69,1
12739.0,100,37,975.54,2
13210.0,94,22,353.47999999999996,2
17433.0,89,54,303.15999999999997,2
13635.0,68,62,1071.03,1
17549.0,24,6,148.86,2
13536.0,2,178,3444.3900000000003,1
18006.0,24,22,444.68,2
13358.0,269,27,386.15,0
15973.0,367,4,307.82,0
17862.0,324,11,330.9,0
16560.0,27,55,816.4100000000001,1
17722.0,97,112,2385.58,1
16518.0,62,40,484.32,2
16128.0,18,89,1880.2200000000003,1
16609.0,16,275,5488.900000000001,1
15655.0,244,34,560.67,0
14912.0,17,26,811.69,2
16184.0,65,45,1158.79,1
16774.0,68,48,661.5200000000001,2
13338.0,158,17,422.02,2
16305.0,139,22,361.21999999999997,2
13955.0,155,33,322.96000000000004,2
13314.0,2,61,773.66,1
13886.0,72,16,243.55999999999997,2
13521.0,2,408,1068.0300000000002,1
17374.0,219,28,495.77,0
15945.0,366,2,181.0,0
15167.0,321,39,158.79999999999998,0
14442.0,205,61,1500.02,1
15809.0,37,34,511.21000000000004,2
12653.0,149,43,2209.85,1
16515.0,53,111,1624.1399999999999,1
14246.0,111,75,1474.0600000000002,1
12809.0,178,24,405.31000000000006,0
13982.0,40,111,1871.81,1
14005.0,10,82,2769.3600000000006,1
12885.0,64,68,1124.3699999999997,1
13067.0,83,15,115.46,2
13558.0,6,168,594.14,1
12925.0,5,44,679.05,2
15014.0,44,33,257.67,2
16979.0,4,89,1852.0,1
13532.0,34,66,210.31,2
15919.0,20,122,525.69,1
12857.0,211,46,1106.4,0
14759.0,5,101,1610.0200000000002,1
13791.0,128,10,1226.0,2
15348.0,73,9,158.04000000000002,2
16065.0,366,73,367.14,0
14049.0,17,473,5411.97,1
13151.0,296,69,1118.2700000000002,0
12764.0,317,45,1693.88,0
15104.0,197,58,835.71,0
15308.0,275,19,310.47,0
17867.0,31,66,596.08,2
16963.0,188,7,110.55000000000001,0
16003.0,30,101,2235.37,1
13667.0,150,82,298.86,2
16621.0,52,29,813.48,2
13730.0,136,43,752.5999999999999,2
16031.0,93,96,507.76,2
16122.0,74,32,512.9399999999999,2
13539.0,86,36,597.4399999999999,2
16803.0,66,24,332.29999999999995,2
17119.0,4,34,591.91,2
12904.0,19,71,496.06,2
13946.0,80,9,489.3299999999999,2
15598.0,54,14,240.68,2
14483.0,282,9,137.1,0
16967.0,190,21,319.02,0
15078.0,8,440,9743.11,1
16885.0,16,95,449.69000000000005,2
13102.0,2,302,6163.45,1
17293.0,9,130,1786.18,1
13382.0,281,15,222.99,0
13988.0,20,227,4002.4199999999996,1
12662.0,1,219,3513.8300000000004,1
17381.0,25,43,3431.7299999999996,1
14817.0,201,61,1010.3399999999999,0
15813.0,208,40,1303.91,0
14163.0,88,51,2314.1099999999997,1
15433.0,214,41,533.3,0
12749.0,4,198,4040.88,1
13283.0,60,6,89.1,2
13115.0,12,117,2210.32,1
17045.0,114,21,299.49,2
12879.0,45,9,564.1,2
16404.0,71,23,443.04999999999995,2
12895.0,43,22,372.79999999999995,2
16674.0,55,93,304.24,2
17201.0,54,38,289.78,2
15754.0,52,28,458.57,2
14023.0,8,31,584.07,2
17643.0,374,8,101.55,0
16425.0,303,21,302.7,0
18280.0,278,10,180.60000000000002,0
18072.0,186,16,240.0,0
17464.0,159,8,248.2,0
16441.0,68,24,381.20000000000005,2
13828.0,23,12,168.45000000000002,2
12355.0,215,13,459.4,0
15889.0,157,84,398.12,2
13000.0,107,29,529.09,2
18259.0,25,42,2338.6000000000004,1
12921.0,10,720,16587.09,1
14849.0,22,387,7851.34,1
16875.0,68,110,2061.63,1
17700.0,17,141,2517.69,1
12707.0,292,33,603.42,0
16729.0,39,650,7174.6500000000015,1
14304.0,223,16,367.50000000000006,0
14265.0,110,29,496.28,2
13895.0,29,118,2593.07,1
18022.0,36,159,595.14,1
12628.0,5,38,732.46,2
13914.0,12,32,617.33,2
14855.0,120,20,645.6499999999999,2
17519.0,18,82,1844.0200000000002,1
16889.0,195,135,1578.6699999999998,1
15157.0,4,112,1784.8299999999997,1
18159.0,302,22,513.1999999999999,0
12728.0,72,42,728.33,2
15838.0,12,137,16992.88,1
17906.0,248,11,55.949999999999996,0
14970.0,69,34,1592.0600000000002,1
16085.0,24,167,981.5100000000001,1
15315.0,65,36,552.26,2
16268.0,72,42,573.14,2
15957.0,32,42,428.89000000000004,2
14863.0,30,11,266.76,2
15984.0,3,254,2507.1300000000006,1
17368.0,24,107,1878.87,1
17965.0,38,323,2571.69,1
14321.0,11,107,1443.28,1
15139.0,240,12,169.84,0
16029.0,39,160,22868.190000000002,1
16121.0,58,202,850.1000000000001,1
17179.0,179,80,711.79,2
17124.0,186,31,294.24,0
13296.0,138,5,87.4,0
15743.0,17,86,775.96,1
14387.0,33,138,1644.4,1
13516.0,22,39,770.4100000000001,2
14487.0,27,135,1098.3999999999999,1
12724.0,6,49,923.41,1
17552.0,61,49,930.41,2
17111.0,48,29,231.60999999999999,2
16826.0,52,22,341.7,2
15654.0,10,20,907.53,2
14697.0,219,22,188.60999999999999,0
17284.0,61,291,1647.48,1
12779.0,38,148,3972.2399999999993,1
12989.0,4,59,4731.71,1
13425.0,109,77,1609.21,1
14004.0,44,171,4582.640000000001,1
16721.0,263,37,292.47,0
15106.0,18,98,1398.7299999999996,1
15210.0,226,18,245.27999999999997,0
15552.0,218,16,87.84,0
14873.0,211,28,519.68,0
12378.0,130,216,3899.2900000000004,1
14223.0,93,59,982.0099999999999,1
17447.0,41,36,541.53,2
18237.0,3,61,987.0999999999999,1
17647.0,66,6,116.11,2
14819.0,65,13,272.07,2
15142.0,47,26,498.73999999999995,2
16454.0,45,2,6.9,2
15621.0,5,16,1293.03,2
16759.0,8,41,755.89,2
13984.0,27,15,488.03,2
13245.0,51,16,430.5,2
18216.0,32,25,456.75,2
16048.0,374,8,256.44,0
14745.0,113,69,1220.26,1
16054.0,146,69,752.0,2
18143.0,117,61,1000.16,1
15185.0,71,16,169.16,2
15329.0,40,57,1049.7,1
17999.0,38,89,363.06000000000006,2
17236.0,13,103,894.6199999999999,1
16274.0,374,62,285.9,0
12362.0,4,247,4521.9,1
15241.0,67,100,1709.2800000000002,1
12463.0,54,79,1200.7800000000002,1
17157.0,8,13,319.0,2
15469.0,51,22,415.44999999999993,2
12822.0,71,46,948.88,2
14974.0,38,17,89.94,2
16914.0,37,30,183.76000000000005,2
13894.0,24,27,564.62,2
13615.0,319,23,417.69,0
17812.0,13,128,618.63,1
12417.0,4,174,3069.94,1
17375.0,200,69,400.09999999999997,0
15146.0,165,91,1327.16,1
16517.0,278,17,162.7,0
14546.0,6,397,2573.93,1
15891.0,227,60,511.68,0
13169.0,64,13,712.8799999999999,2
18142.0,158,11,443.28000000000003,0
13752.0,125,73,1129.4299999999998,1
15244.0,66,34,631.5699999999999,2
12398.0,46,84,1435.66,1
15720.0,25,127,581.7800000000001,1
14164.0,81,28,1273.77,2
14638.0,51,16,443.6000000000001,2
16244.0,212,91,1522.75,1
15482.0,16,88,9375.36,1
16725.0,303,143,724.3700000000001,0
17027.0,79,148,877.5600000000001,1
15382.0,15,299,5846.15,1
17769.0,13,303,3924.13,1
14068.0,321,24,265.85,0
16841.0,37,104,1795.42,1
13461.0,39,27,1444.9999999999998,2
12627.0,11,221,4053.5800000000004,1
15484.0,2,185,3474.25,1
15568.0,3,52,724.39,2
17839.0,43,52,318.15,2
15427.0,34,290,1429.78,1
15814.0,17,69,1872.9000000000003,1
12588.0,40,9,174.89999999999998,2
16321.0,73,12,373.65,2
17492.0,249,12,374.57,0
14498.0,43,192,1787.3200000000002,1
17950.0,73,71,482.20000000000005,2
14719.0,2,234,1577.2800000000002,1
14178.0,9,296,1557.05,1
16364.0,12,52,705.79,2
17642.0,120,40,712.2900000000001,2
16240.0,25,134,3428.7999999999997,1
12723.0,4,66,622.32,2
12702.0,20,11,201.0,2
13502.0,17,18,292.0,2
17085.0,124,186,1562.3999999999996,1
13798.0,2,317,31591.87,1
18004.0,363,36,156.32,0
15780.0,184,29,475.28000000000003,0
15835.0,45,49,903.2400000000001,2
17035.0,246,28,433.53000000000003,0
14167.0,40,50,562.59,2
15644.0,167,228,799.3600000000001,1
15502.0,16,201,5955.230000000001,1
12758.0,117,97,2791.5899999999997,1
16418.0,45,93,576.22,1
16965.0,227,24,188.70999999999998,0
17105.0,160,88,653.26,2
14557.0,86,16,788.38,2
16929.0,4,77,1295.3899999999999,1
17169.0,58,54,835.7800000000001,2
15630.0,46,60,1186.3500000000001,1
15571.0,12,57,650.4300000000001,2
12890.0,25,78,369.88,2
17793.0,26,51,283.39,2
17233.0,36,25,190.87999999999997,2
12580.0,247,23,379.70000000000005,0
13962.0,22,10,147.60000000000002,2
12919.0,9,50,1335.19,1
16825.0,39,26,602.38,2
17556.0,206,6,157.9,0
15689.0,120,9,254.1,2
13759.0,34,25,659.4100000000001,2
12612.0,75,18,668.0400000000001,2
12646.0,5,45,1346.97,1
16613.0,71,30,618.5899999999999,2
14896.0,205,43,468.7700000000001,0
13426.0,1,157,3641.32,1
17672.0,51,108,3127.32,1
14944.0,30,169,5866.349999999999,1
13385.0,330,34,484.66999999999996,0
17861.0,4,212,1988.54,1
18227.0,218,5,93.75,0
13985.0,5,348,7028.23,1
16340.0,108,137,511.6599999999999,1
15938.0,113,18,404.58000000000004,2
14261.0,51,52,1163.45,1
12516.0,78,23,1082.38,2
17030.0,64,11,146.87,2
18217.0,30,31,621.7500000000001,2
17415.0,80,12,287.88999999999993,2
12956.0,307,18,91.12,0
13491.0,52,81,1172.8,1
18223.0,5,272,6484.54,1
13869.0,124,304,3083.65,1
12393.0,73,64,1582.6000000000001,1
13819.0,302,36,1140.35,0
13854.0,9,108,8086.719999999999,1
13908.0,80,121,2319.5499999999997,1
16139.0,19,31,635.4100000000001,2
17527.0,54,47,939.3699999999999,2
14335.0,17,60,454.86,2
16361.0,10,103,857.3100000000002,1
15136.0,3,68,1286.7000000000003,1
14052.0,20,56,225.36,2
16378.0,248,23,362.95,0
15806.0,47,31,784.5799999999999,2
12670.0,11,87,2744.0499999999993,1
14100.0,138,25,191.95,2
16107.0,18,30,3064.36,1
16215.0,81,14,242.35,2
17850.0,373,289,4783.460000000001,1
16558.0,1,444,8166.110000000001,1
14911.0,2,5396,124455.76000000002,1
18118.0,11,1257,5552.6,1
16700.0,9,308,5076.55,1
12935.0,3,129,2160.7,1
14157.0,20,46,424.89,2
12598.0,10,122,2772.88,1
15747.0,13,90,946.6399999999999,1
15949.0,17,19,364.72,2
15287.0,23,19,414.69,2
15255.0,67,47,890.85,2
13066.0,25,46,429.00000000000006,2
13193.0,62,24,95.13000000000001,2
13786.0,368,7,230.4,0
18229.0,12,164,7276.9,1
17419.0,12,205,4141.57,1
16839.0,9,257,15537.390000000001,1
17754.0,1,86,1648.41,1
13316.0,38,78,4268.570000000001,1
14854.0,79,123,2628.23,1
14964.0,248,13,206.20999999999998,0
17972.0,242,29,119.24,0
15920.0,155,59,167.39999999999998,2
16902.0,117,43,1704.0000000000002,1
15958.0,75,7,104.35000000000001,2
18035.0,36,48,696.9399999999999,2
13200.0,20,45,867.2100000000002,2
13727.0,29,20,333.48,2
13091.0,29,21,345.82,2
16836.0,40,11,251.87,2
12375.0,11,15,377.5000000000001,2
15346.0,333,17,252.42,0
13715.0,282,104,1077.39,0
16191.0,3,132,4609.320000000001,1
17602.0,3,550,5036.179999999999,1
14810.0,41,253,2065.38,1
15752.0,40,402,2605.5099999999993,1
16136.0,60,37,709.3800000000001,2
15935.0,240,11,108.03999999999999,0
13933.0,110,23,608.7900000000002,2
14676.0,32,38,2290.7200000000003,1
16778.0,75,16,245.94000000000003,2
15516.0,45,15,62.43000000000001,2
13008.0,324,14,229.47,0
15985.0,124,36,1037.42,2
15042.0,200,5,135.93,0
13351.0,67,15,323.94000000000005,2
16236.0,79,20,432.20000000000005,2
14880.0,78,45,675.59,2
14059.0,267,8,183.60000000000002,0
12995.0,86,3,211.32,2
16891.0,2,184,725.24,1
17975.0,16,290,4429.56,1
12510.0,143,31,814.5699999999999,2
16494.0,297,50,826.53,0
12645.0,34,69,1631.18,1
15370.0,41,94,2386.0499999999997,1
13803.0,256,17,277.07,0
14895.0,8,483,10723.26,1
14350.0,275,18,282.93,0
16209.0,89,43,888.98,2
12409.0,79,107,10947.390000000001,1
14034.0,23,85,561.0899999999999,1
13675.0,152,25,486.8200000000001,2
17809.0,17,60,5259.270000000001,1
18122.0,9,354,1751.33,1
17387.0,20,76,746.8100000000001,1
12787.0,10,17,418.6600000000001,2
14135.0,2,132,4478.31,1
12377.0,316,76,1548.12,0
16458.0,3,202,3482.7400000000002,1
17980.0,166,30,811.45,2
15854.0,5,136,2965.9200000000005,1
17848.0,82,48,895.53,2
17744.0,4,130,2265.64,1
17507.0,262,88,605.58,0
17658.0,26,19,595.4199999999998,2
13232.0,13,198,1243.6,1
16780.0,101,59,422.24,2
16076.0,4,125,2204.97,1
15683.0,118,10,193.75,2
17771.0,57,52,240.58,2
16601.0,41,30,242.70000000000002,2
13271.0,38,86,211.3,2
14198.0,19,38,681.4499999999999,2
14860.0,20,10,165.76,2
15312.0,76,47,924.85,2
16551.0,96,30,737.8000000000001,2
14505.0,18,778,5764.630000000002,1
16727.0,365,44,256.32,0
17472.0,192,174,697.5400000000001,1
13707.0,268,47,770.4600000000002,0
14770.0,233,52,876.42,0
15811.0,23,133,2218.62,1
14952.0,60,136,7785.090000000001,1
15457.0,263,58,237.07,0
13804.0,31,134,2554.49,1
17438.0,254,17,388.45000000000005,0
13014.0,11,109,3466.2799999999997,1
13658.0,10,107,2472.17,1
14422.0,1,218,4206.04,1
12704.0,8,80,1715.8899999999996,1
14331.0,125,28,462.66,2
12556.0,51,119,599.56,1
13873.0,120,23,389.6,2
18093.0,94,35,2027.3200000000002,1
15774.0,69,25,270.79999999999995,2
17006.0,5,43,766.78,2
14649.0,5,184,1371.3600000000001,1
16030.0,310,29,331.24,0
17140.0,248,17,274.12,0
17186.0,47,2,144.0,2
13126.0,5,131,2020.26,1
17690.0,31,244,4142.05,1
14439.0,320,32,2661.2400000000002,0
17356.0,312,19,178.22,0
17431.0,314,43,403.29999999999995,0
17239.0,313,15,382.50000000000006,0
15796.0,2,132,2708.6100000000006,1
17979.0,36,138,732.4099999999999,1
12449.0,23,186,3591.97,1
16012.0,36,93,1399.3400000000001,1
14251.0,2,78,2879.7,1
13467.0,11,98,1071.91,1
14672.0,235,60,757.5699999999999,0
12929.0,312,8,117.85000000000001,0
15733.0,283,10,162.3,0
17674.0,75,26,398.4,2
16961.0,117,14,234.16999999999996,2
17897.0,173,107,461.9100000000001,2
17097.0,3,210,924.4700000000001,1
13117.0,22,72,939.84,1
13728.0,37,63,1016.14,1
12410.0,309,25,533.3299999999999,0
16057.0,17,121,2263.1200000000003,1
15026.0,81,60,464.2000000000001,2
12619.0,17,71,1962.3600000000001,1
15301.0,51,241,4427.45,1
14273.0,52,29,559.9699999999999,2
15212.0,242,5,101.79999999999998,0
16938.0,9,234,1878.4299999999998,1
14301.0,118,12,575.3399999999999,2
13441.0,92,13,296.64,2
16627.0,80,20,322.79999999999995,2
13868.0,39,30,500.1,2
17830.0,2,23,398.70000000000005,2
15254.0,128,18,300.36,2
16247.0,171,14,98.6,0
15332.0,367,35,1661.06,0
14600.0,306,25,393.3299999999999,0
17819.0,72,47,3688.919999999999,1
14248.0,319,8,302.58,0
17250.0,4,55,362.02,2
15665.0,169,114,2197.26,1
13756.0,3,141,4834.32,1
16493.0,80,56,1351.63,1
17694.0,142,15,283.12000000000006,2
16169.0,9,83,1815.53,1
13991.0,13,78,848.89,1
14381.0,53,56,202.67999999999998,2
14450.0,181,38,481.19000000000005,0
14997.0,47,22,515.36,2
12441.0,367,10,155.55,0
17449.0,3,274,2499.6799999999994,1
16110.0,46,341,1318.86,1
14044.0,27,203,594.1900000000002,1
14504.0,48,107,673.26,1
14112.0,23,160,2915.15,1
16359.0,8,55,1117.1299999999999,1
15128.0,61,97,1438.8400000000001,1
13990.0,214,16,311.29999999999995,0
12530.0,60,60,1342.24,1
15903.0,10,74,5126.76,1
17470.0,45,73,1104.43,1
17389.0,1,200,25930.179999999997,1
16794.0,2,274,1182.3400000000001,1
13388.0,132,34,627.1500000000001,2
13566.0,41,169,856.8400000000001,1
14915.0,92,12,307.47999999999996,2
14971.0,36,154,1082.03,1
12617.0,30,41,352.97999999999996,2
17781.0,160,12,188.02,0
15197.0,11,31,660.2099999999999,2
13976.0,207,10,357.98,0
14201.0,61,35,710.9599999999999,2
15048.0,66,93,380.43000000000006,2
15038.0,59,125,685.7400000000001,1
14790.0,17,46,745.06,2
17049.0,3,315,5388.08,1
15648.0,205,24,639.5000000000001,0
16133.0,4,312,12294.84,1
17648.0,61,91,1797.5,1
18235.0,72,103,1728.68,1
15036.0,73,118,429.37,2
13925.0,93,36,593.5,2
17451.0,2,96,1703.1799999999998,1
15466.0,86,57,334.53,2
13994.0,4,148,2274.14,1
17086.0,8,90,1801.08,1
16415.0,45,47,200.26999999999998,2
14897.0,8,54,1283.18,1
14073.0,33,13,151.04,2
15652.0,92,21,337.74,2
12519.0,64,16,276.84,2
12420.0,64,27,554.97,2
13483.0,66,10,140.34,2
12838.0,34,119,654.9999999999999,1
15358.0,5,548,8166.240000000001,1
13178.0,27,265,5725.469999999999,1
13590.0,12,84,1720.32,1
13534.0,3,296,5870.080000000001,1
12693.0,128,35,711.91,2
13305.0,5,81,2000.8600000000001,1
13941.0,22,39,4187.08,1
15769.0,8,40,7122.719999999999,1
18265.0,73,44,771.5100000000001,2
14111.0,15,8,598.65,2
15841.0,73,47,1224.0600000000002,1
12654.0,11,34,529.98,2
14173.0,11,28,433.89000000000004,2
16368.0,3,68,462.96000000000004,2
15087.0,282,14,246.46,0
16480.0,76,52,737.39,2
17787.0,153,128,1817.54,1
16655.0,18,256,3755.62,1
13310.0,29,72,1132.0300000000002,1
15203.0,26,139,1815.58,1
12597.0,20,194,3112.84,1
13606.0,30,39,274.46999999999997,2
15507.0,172,45,475.86,2
15839.0,34,60,1042.73,1
14436.0,99,7,79.93999999999998,2
15844.0,47,11,130.74,2
15637.0,53,15,223.36000000000004,2
15551.0,37,28,429.21999999999997,2
16732.0,32,28,603.75,2
15045.0,152,12,735.6600000000001,2
16847.0,44,12,193.44,2
15831.0,59,64,710.0799999999999,2
13104.0,4,20,1098.48,2
13685.0,4,28,20.919999999999998,2
13448.0,17,192,3514.3799999999997,1
17287.0,27,118,947.3600000000002,1
17618.0,6,65,810.43,1
14779.0,281,36,254.39999999999998,0
15881.0,313,29,501.39,0
15785.0,33,81,2249.07,1
14507.0,24,94,1350.93,1
17720.0,27,47,1117.09,1
17574.0,243,8,185.64999999999998,0
13568.0,174,43,187.04999999999998,0
16018.0,40,28,408.9,2
17455.0,204,8,131.7,0
17466.0,11,40,738.33,2
15540.0,12,15,213.3,2
16666.0,20,31,116.7,2
14438.0,307,9,131.9,0
12431.0,61,228,5070.16,1
15090.0,309,23,381.32000000000005,0
12997.0,23,57,1141.77,1
12520.0,80,146,2329.3100000000004,1
14921.0,31,77,1313.1899999999998,1
17064.0,59,61,855.45,1
13192.0,96,63,911.94,1
15198.0,93,10,193.64000000000001,2
17679.0,53,29,1952.16,1
14595.0,20,102,1740.6000000000001,1
17705.0,4,103,1823.5200000000002,1
16243.0,34,48,306.01000000000005,2
17462.0,61,27,675.6899999999999,2
16990.0,219,1,179.0,0
15544.0,10,259,3546.71,1
15426.0,20,273,1378.9299999999998,1
15867.0,6,454,3735.249999999999,1
15194.0,4,303,7277.08,1
15092.0,216,26,457.80999999999995,0
15832.0,255,54,836.7900000000001,0
12769.0,239,32,1143.6,0
13699.0,156,14,308.58,0
16040.0,66,65,1313.5500000000002,1
14264.0,155,17,333.97,2
18248.0,123,45,719.56,2
15975.0,85,24,371.01,2
16688.0,2,62,1260.86,1
18014.0,29,30,162.22,2
16748.0,18,69,1515.9,1
14522.0,25,17,974.54,2
14793.0,22,14,228.99,2
15224.0,359,14,322.08,0
17669.0,43,68,3406.7200000000003,1
14489.0,208,30,463.38,0
15963.0,20,28,470.76,2
17878.0,44,26,379.45,2
14092.0,8,214,4076.91,1
16202.0,361,18,365.27000000000004,0
17412.0,3,65,1251.22,1
14088.0,11,578,49368.61,1
13330.0,93,52,1127.25,1
14731.0,48,45,380.02,2
16817.0,3,85,1524.85,1
13055.0,79,75,1209.8500000000001,1
17147.0,23,81,1714.59,1
15051.0,24,141,1297.56,1
15467.0,10,51,499.93,2
15480.0,117,43,871.3199999999999,2
17144.0,2,46,895.62,2
17244.0,54,31,954.8999999999999,2
15553.0,61,53,419.81,2
17684.0,44,14,234.85,2
14618.0,10,14,523.44,2
18050.0,360,5,74.4,0
14022.0,226,28,440.0,0
14280.0,197,8,134.04,0
16189.0,16,11,215.47999999999996,2
15593.0,71,5,199.8,2
16019.0,47,160,3786.24,1
12433.0,1,407,12799.949999999997,1
12682.0,4,494,10633.18,1
15180.0,368,6,87.5,0
17337.0,152,519,1978.82,1
16923.0,13,622,6993.240000000001,1
15810.0,79,84,1307.23,1
14426.0,24,222,4447.7699999999995,1
14961.0,11,312,7044.68,1
17175.0,45,62,1383.74,1
13512.0,261,15,251.21,0
13652.0,46,63,1095.0800000000002,1
18231.0,193,123,2071.77,1
14920.0,213,56,960.8199999999998,0
13492.0,137,50,1269.84,1
17990.0,237,29,630.8399999999999,0
14231.0,184,49,845.81,2
17299.0,12,55,656.61,2
13107.0,45,58,1531.62,1
15122.0,115,82,1633.7800000000002,1
17777.0,25,186,645.4699999999999,1
12937.0,16,120,1504.2700000000002,1
15664.0,51,17,386.43,2
16164.0,18,33,782.58,2
14551.0,19,10,186.23000000000002,2
14954.0,13,76,274.9,2
16411.0,20,44,211.7,2
12442.0,4,11,144.06,2
13885.0,190,28,506.80000000000007,0
13322.0,18,25,199.48,2
15211.0,61,52,894.4100000000001,2
16470.0,52,162,745.57,1
16781.0,373,17,311.25,0
18212.0,327,34,216.07,0
15781.0,26,20,345.46,2
15493.0,33,286,1929.4699999999998,1
17508.0,281,21,383.95000000000005,0
13344.0,68,113,2055.9900000000002,1
13482.0,233,11,184.64,0
18079.0,46,104,1974.57,1
15921.0,173,23,306.08,0
17370.0,73,31,438.73999999999995,2
15506.0,23,160,969.8,1
17768.0,9,97,2034.0500000000002,1
13332.0,15,21,350.90000000000003,2
14589.0,372,3,39.75,0
14272.0,74,30,420.52,2
16563.0,54,18,845.74,2
16747.0,38,42,836.0600000000001,2
14085.0,3,446,4371.4400000000005,1
15159.0,2,684,17957.55,1
18190.0,193,15,284.46,0
18246.0,24,4,596.0999999999999,2
17409.0,185,13,771.85,0
18260.0,173,133,2628.35,1
12772.0,60,54,752.47,2
13974.0,50,28,413.59,2
17791.0,30,10,106.1,2
14418.0,4,116,1870.0600000000004,1
18139.0,18,155,5948.34,1
16406.0,19,57,154.05,2
16399.0,20,70,381.21999999999997,2
17340.0,30,404,12271.11,1
13564.0,355,80,1174.0300000000002,0
14258.0,10,104,11206.220000000001,1
14334.0,17,162,2552.2099999999996,1
16684.0,5,138,23716.300000000003,1
16898.0,27,149,487.73999999999995,1
12868.0,186,107,1607.0599999999997,1
13725.0,50,103,1976.0,1
12576.0,36,86,1268.9299999999998,1
13139.0,17,170,5064.939999999999,1
13479.0,201,15,300.95000000000005,0
16324.0,129,109,407.07000000000005,2
18194.0,83,5,713.2,2
16589.0,72,33,459.24,2
16345.0,45,34,457.86,2
15719.0,33,928,5020.379999999999,1
13623.0,31,78,727.74,1
17002.0,86,49,1493.7299999999998,1
16449.0,198,40,707.69,0
15611.0,10,42,1576.45,1
15799.0,76,90,852.99,1
12928.0,36,83,2028.1400000000003,1
13813.0,40,65,1168.8600000000001,1
17891.0,163,34,203.85999999999999,0
12750.0,129,15,275.88,2
13518.0,86,36,627.1600000000001,2
16574.0,72,28,451.43999999999994,2
16108.0,85,48,842.5,2
18144.0,31,38,1728.75,1
15722.0,36,66,1980.21,1
13732.0,29,33,491.86,2
15872.0,15,105,314.34999999999997,2
13939.0,24,41,543.47,2
12672.0,330,10,225.9,0
15057.0,276,25,1489.5,0
13706.0,303,19,290.89,0
15165.0,374,26,468.8,0
13402.0,128,38,618.9499999999999,2
17238.0,3,549,3617.3999999999987,1
12931.0,31,18,2661.26,1
14688.0,8,322,5553.91,1
14889.0,337,10,135.9,0
14461.0,149,179,2086.11,1
13538.0,44,25,1280.85,2
16768.0,48,54,478.09000000000003,2
18109.0,2,431,7068.799999999999,1
13266.0,12,180,3506.4400000000005,1
14803.0,163,44,845.55,2
16498.0,162,15,100.97,0
14658.0,6,28,207.2,2
17864.0,13,90,554.85,1
14753.0,88,30,563.15,2
17411.0,13,41,778.94,2
16205.0,31,95,755.35,1
17603.0,79,10,144.72,2
16491.0,47,39,731.5,2
18130.0,16,69,1042.74,1
12795.0,19,13,318.47999999999996,2
13185.0,268,1,71.4,0
15016.0,173,20,170.04,0
16403.0,313,10,177.5,0
17655.0,11,89,2563.04,1
12782.0,5,98,1938.92,1
14701.0,11,324,2105.6899999999996,1
17612.0,54,129,2021.0500000000002,1
14930.0,109,125,2261.26,1
16214.0,171,41,994.95,2
17624.0,15,50,843.48,2
16226.0,204,8,255.12,0
16966.0,9,26,1973.53,1
15074.0,106,41,735.6700000000001,2
17919.0,89,23,1304.04,2
15994.0,55,31,397.32,2
13003.0,106,6,149.05,2
16101.0,71,76,1290.7,1
15634.0,18,15,243.55,2
12621.0,2,440,11769.009999999998,1
16583.0,374,14,233.45000000000005,0
16187.0,32,289,6793.280000000001,1
15140.0,53,79,2275.0499999999997,1
17644.0,2,157,2895.6400000000003,1
13481.0,46,109,1804.5600000000002,1
16643.0,246,27,487.51,0
13655.0,115,52,911.12,2
13517.0,60,141,2128.42,1
13248.0,125,26,465.68,2
14875.0,108,45,1308.57,1
13575.0,24,46,732.07,2
13397.0,73,37,1416.5300000000002,1
18273.0,3,3,204.0,2
17537.0,30,71,873.81,1
12614.0,278,20,315.59999999999997,0
16587.0,233,12,200.20000000000002,0
16823.0,228,37,357.23999999999995,0
17775.0,255,3,56.4,0
12395.0,20,141,2633.5600000000004,1
16812.0,361,15,479.35,0
17913.0,59,58,408.65000000000003,2
17033.0,87,26,769.9799999999999,2
13004.0,12,399,5638.1500000000015,1
14467.0,18,89,596.26,1
14277.0,16,217,4002.399999999999,1
12910.0,24,75,3075.04,1
17160.0,32,227,3488.0299999999993,1
17252.0,117,86,348.9100000000001,2
12432.0,43,105,4089.5200000000004,1
17695.0,132,33,737.98,2
17997.0,75,156,1857.76,1
13012.0,10,88,1646.8400000000001,1
17899.0,160,30,137.6,0
16968.0,5,29,430.30999999999995,2
13562.0,82,82,1799.33,1
14087.0,3,61,182.11,2
14784.0,27,14,250.04000000000002,2
14307.0,89,179,2944.87,1
17796.0,41,81,690.0000000000001,1
16863.0,32,26,502.8,2
18043.0,25,114,512.34,1
13253.0,157,31,758.0,2
16570.0,16,126,3738.4000000000005,1
14130.0,320,66,480.90999999999997,0
15452.0,30,55,526.39,2
15819.0,50,123,1905.4499999999998,1
12399.0,120,55,1033.65,1
16942.0,13,277,1904.99,1
17429.0,129,35,498.48,2
12644.0,130,31,477.91,2
17584.0,8,35,1242.3000000000002,1
12808.0,37,27,455.65,2
14644.0,68,26,830.7600000000001,2
16997.0,289,12,702.0,0
15555.0,13,862,4622.8099999999995,1
13627.0,60,87,1414.79,1
18156.0,13,122,675.6400000000001,1
16713.0,19,613,6508.019999999999,1
13097.0,33,410,5715.070000000001,1
14713.0,10,337,2657.64,1
12625.0,212,84,2413.82,1
12476.0,16,222,5814.670000000001,1
18188.0,16,71,2001.04,1
15675.0,82,16,282.94,2
12678.0,43,148,11797.86,1
18062.0,174,27,720.52,2
13883.0,11,141,2640.58,1
13772.0,34,171,1104.16,1
17522.0,2,69,1057.3500000000001,1
13572.0,206,33,1384.25,0
15786.0,47,265,4885.7,1
17832.0,50,58,147.81,2
13429.0,11,65,997.68,1
12968.0,113,5,135.95,2
17197.0,30,29,1013.0099999999999,2
13188.0,12,1,99.60000000000001,2
12763.0,139,18,494.08000000000004,2
17325.0,281,6,96.8,0
15267.0,23,10,1567.6,2
15093.0,19,102,4160.700000000001,1
17799.0,23,402,2972.37,1
14237.0,374,8,127.10000000000002,0
16163.0,233,6,856.6,0
15002.0,116,115,1641.76,1
12502.0,96,138,2875.22,1
13552.0,67,109,3740.07,1
13722.0,132,84,2314.93,1
14410.0,93,189,1100.2700000000002,1
17585.0,110,191,1031.3,1
15257.0,284,5,118.25,0
15700.0,173,85,679.73,2
17779.0,22,81,650.3199999999999,1
13827.0,58,90,375.90000000000003,2
14481.0,165,30,636.5100000000001,2
16413.0,57,31,262.20000000000005,2
15900.0,24,47,337.28000000000003,2
16025.0,30,28,439.6599999999999,2
14606.0,2,2639,11396.780000000012,1
16059.0,66,178,1453.1599999999999,1
15738.0,19,172,4778.520000000001,1
16905.0,6,197,3003.7,1
17406.0,334,104,1570.4799999999998,0
17450.0,9,184,25997.08,1
18250.0,311,21,349.27,0
14747.0,250,17,294.3,0
17730.0,4,218,5298.48,1
13477.0,38,78,1447.74,1
14577.0,13,123,859.7100000000002,1
12620.0,15,90,1298.85,1
16038.0,8,26,471.78000000000003,2
17345.0,16,82,502.74,2
14293.0,4,60,1042.24,1
13644.0,17,140,2516.7900000000004,1
16555.0,36,17,285.88999999999993,2
14332.0,23,25,840.2100000000002,2
15978.0,78,49,1098.78,1
13255.0,10,13,399.51000000000005,2
15967.0,24,80,397.68,2
15419.0,25,8,135.85999999999999,2
14126.0,8,13,385.85,2
17436.0,2,9,216.29999999999998,2
16451.0,88,14,266.9700000000001,2
12553.0,9,182,3278.2800000000007,1
14586.0,277,19,237.35999999999999,0
17034.0,17,29,730.52,2
15815.0,64,47,1742.52,1
17702.0,31,68,1803.73,1
14973.0,108,29,564.4499999999999,2
15089.0,11,144,2403.8900000000003,1
12991.0,24,31,503.76000000000005,2
15656.0,46,47,748.4999999999999,2
16380.0,62,28,934.1100000000001,2
18082.0,26,68,667.1600000000001,2
18048.0,204,7,172.29,0
18146.0,141,10,160.35000000000002,0
12793.0,335,22,461.48,0
16912.0,29,100,2555.58,1
16637.0,33,67,1046.62,1
12406.0,23,105,3415.3,1
14758.0,145,69,1400.2600000000002,1
12729.0,114,25,417.01,2
14681.0,72,7,498.95,2
13594.0,53,25,394.47,2
14015.0,53,20,917.3399999999999,2
18205.0,37,32,517.3599999999999,2
12532.0,31,15,313.83,2
15060.0,9,113,291.18,2
12783.0,3,77,1292.9900000000002,1
17125.0,51,33,214.98,2
12551.0,358,10,168.0,0
16520.0,187,156,1046.57,1
14680.0,26,251,25618.61,1
17967.0,372,42,112.26999999999998,0
16306.0,214,41,632.2700000000001,0
16833.0,2,47,1106.53,1
13494.0,312,18,316.26000000000005,0
14936.0,34,358,7955.169999999999,1
13971.0,19,149,2758.26,1
14499.0,27,188,806.5400000000001,1
15380.0,9,36,1690.2600000000002,1
14262.0,9,143,2618.23,1
13878.0,55,34,1237.67,2
14485.0,39,46,162.8,2
16352.0,18,28,494.44000000000005,2
14480.0,12,13,279.04999999999995,2
16829.0,157,11,197.22,0
16932.0,54,48,150.23,2
16117.0,190,30,232.20999999999998,0
15098.0,183,1,297.0,0
16181.0,74,11,305.54,2
14226.0,30,62,1855.29,1
13723.0,218,6,199.84999999999997,0
15602.0,9,46,1297.87,1
15901.0,17,105,324.5299999999999,2
18099.0,128,19,168.31,2
17475.0,80,14,194.37,2
13422.0,65,126,2594.4,1
16052.0,55,34,362.06,2
12940.0,55,94,870.62,1
17221.0,8,61,334.18,2
18181.0,25,40,349.90000000000003,2
15721.0,12,83,467.4,2
17691.0,359,19,290.4,0
15326.0,334,29,311.71,0
17816.0,37,17,36.56,2
15777.0,242,21,1047.11,0
14460.0,111,15,392.58,2
17309.0,96,12,82.75000000000001,2
15297.0,11,39,641.9400000000002,2
12740.0,64,27,427.6,2
15556.0,25,30,278.09,2
13238.0,18,30,675.73,2
17194.0,274,28,242.62000000000003,0
17095.0,23,74,1324.16,1
16842.0,101,63,1264.19,1
17228.0,16,208,1906.0900000000001,1
12347.0,3,181,4060.4000000000005,1
13240.0,97,67,663.65,2
13610.0,13,214,1057.3799999999999,1
17664.0,19,43,604.6400000000001,2
16593.0,51,27,330.03000000000003,2
13456.0,18,61,1717.8199999999997,1
17176.0,202,15,306.13,0
14267.0,163,55,1516.2400000000002,1
12599.0,30,55,888.5800000000002,1
12851.0,97,42,113.81,2
16536.0,111,53,531.17,2
17545.0,44,139,637.4599999999999,1
15680.0,10,78,1333.6800000000003,1
16913.0,291,8,113.44,0
13716.0,270,21,138.28,0
16357.0,34,33,642.93,2
12944.0,36,30,604.5099999999999,2
16442.0,2,168,591.43,1
14440.0,9,55,2357.6800000000003,1
13327.0,39,108,3627.7700000000004,1
15869.0,278,15,149.64,0
14352.0,158,46,1047.06,2
16813.0,9,420,1573.2700000000002,1
16461.0,178,31,126.97000000000001,0
17553.0,130,1,237.60000000000002,0
14533.0,25,54,1717.1599999999999,1
17573.0,30,25,380.59999999999997,2
14543.0,29,69,3531.9300000000003,1
13347.0,71,7,291.36,2
15677.0,50,33,657.23,2
17973.0,52,14,331.28000000000003,2
17434.0,3,132,2357.0999999999995,1
17254.0,5,108,269.73,2
17227.0,19,44,928.6099999999999,2
18085.0,331,29,689.95,0
17183.0,8,70,3262.56,1
17697.0,237,19,338.95000000000005,0
13124.0,90,219,3684.2000000000003,1
18145.0,13,219,2824.76,1
16983.0,13,138,1883.7099999999998,1
16638.0,23,86,1522.0600000000002,1
14232.0,43,114,2043.5099999999998,1
15756.0,62,191,528.01,1
14222.0,178,41,683.17,2
15076.0,173,48,844.9,2
16173.0,16,84,1418.3199999999997,1
17004.0,47,42,1043.94,2
17321.0,9,99,657.16,1
15468.0,52,24,467.51,2
14035.0,29,65,1413.0200000000002,1
12933.0,25,104,603.15,1
12970.0,8,129,405.46999999999997,1
13453.0,166,17,356.97999999999996,0
17926.0,134,19,388.65,2
14142.0,374,22,311.81,0
15351.0,13,219,1934.66,1
16795.0,366,66,414.88,0
14813.0,370,29,152.88000000000002,0
13174.0,17,290,2640.92,1
13983.0,30,103,1728.8700000000003,1
17306.0,11,42,4882.990000000001,1
13993.0,43,117,3277.66,1
12352.0,37,77,1385.74,1
15932.0,5,112,2482.19,1
15734.0,115,26,1339.45,2
14513.0,207,11,317.34999999999997,0
15681.0,26,53,1426.1599999999999,1
13507.0,4,159,2465.48,1
17750.0,6,179,1676.0600000000004,1
13325.0,82,12,675.3,2
15154.0,76,70,254.09,2
18033.0,66,29,71.82,2
17785.0,54,13,131.94,2
14664.0,20,98,636.24,1
12357.0,34,130,6182.67,1
14862.0,26,45,826.04,2
15717.0,235,7,150.3,0
17110.0,166,12,163.29999999999998,0
18056.0,289,18,327.69999999999993,0
13863.0,248,20,305.78000000000003,0
17757.0,2,735,5326.03,1
17593.0,4,208,3894.2200000000007,1
16455.0,64,99,1841.1799999999998,1
15525.0,3,155,731.4900000000001,1
14021.0,156,22,631.9000000000001,2
15971.0,18,33,3218.85,1
13549.0,26,51,918.2,1
13712.0,247,10,228.84,0
16341.0,25,77,1971.87,1
12993.0,24,27,414.76,2
17557.0,15,34,541.46,2
15000.0,48,77,490.52000000000004,2
13225.0,4,23,4066.3199999999997,1
14495.0,51,6,123.80000000000001,2
16094.0,12,63,1078.23,1
15385.0,41,12,316.88,2
14725.0,25,45,644.1800000000001,2
18041.0,12,455,4085.4899999999993,1
13269.0,2,309,5314.94,1
18071.0,258,25,453.00000000000006,0
14243.0,9,140,2584.2100000000005,1
16850.0,334,19,332.41,0
15189.0,2,208,15634.949999999997,1
17576.0,9,398,3528.079999999999,1
12455.0,74,84,2181.46,1
14077.0,41,42,499.42,2
16014.0,38,137,631.8299999999999,1
16168.0,11,97,3529.8400000000006,1
16283.0,6,162,1512.8799999999999,1
16526.0,172,15,290.36,0
14808.0,40,218,2233.28,1
14379.0,45,46,348.1000000000001,2
17425.0,20,43,759.17,2
16930.0,27,51,373.19000000000005,2
16954.0,1,54,2085.08,1
15079.0,213,45,773.76,0
16686.0,48,535,2780.0199999999995,1
13155.0,34,85,971.7599999999999,1
17954.0,6,475,2193.17,1
15572.0,5,209,2318.35,1
14620.0,206,26,412.78000000000003,0
16325.0,47,18,594.2400000000001,2
13867.0,32,60,1005.0899999999999,1
16239.0,57,19,414.20000000000005,2
13816.0,24,25,459.72,2
12446.0,58,57,1002.31,1
15073.0,10,54,1043.4099999999999,1
14242.0,235,16,280.55,0
15708.0,41,273,3235.25,1
15039.0,10,1468,19252.93,1
14437.0,366,5,63.0,0
13110.0,32,143,1454.77,1
16394.0,57,81,1383.9799999999998,1
16072.0,289,20,509.8,0
16915.0,10,56,471.83,2
16249.0,53,69,1800.07,1
16309.0,107,42,706.5699999999999,2
15109.0,246,26,451.05000000000007,0
16801.0,164,72,1477.48,1
13080.0,180,5,54.72,0
17939.0,160,12,99.14000000000001,0
16762.0,20,62,1127.34,1
18105.0,38,18,113.48,2
15500.0,9,62,995.96,1
18236.0,30,49,882.2399999999999,2
18255.0,90,6,103.30000000000001,2
14625.0,197,52,865.7299999999999,0
15213.0,319,24,328.34999999999997,0
15696.0,34,167,2651.1600000000003,1
17428.0,1,316,16149.730000000003,1
17165.0,285,10,158.68,0
12811.0,262,29,459.84999999999997,0
14998.0,171,74,414.87000000000006,2
13246.0,19,136,1961.52,1
14561.0,76,67,1071.64,1
15095.0,104,47,1370.6,1
16717.0,24,197,3803.13,1
14795.0,167,6,131.45000000000002,0
14179.0,41,157,701.57,1
14108.0,31,33,581.26,2
16217.0,236,15,304.25,0
13221.0,241,66,847.41,0
18053.0,71,20,300.02,2
15341.0,81,17,2020.52,2
12557.0,17,21,2501.3399999999997,1
12872.0,327,66,599.9699999999999,0
16705.0,1,262,13398.149999999998,1
16743.0,30,188,2207.37,1
13802.0,139,58,4057.42,1
16788.0,124,148,594.39,1
18189.0,78,68,1090.24,1
18272.0,3,166,3078.58,1
17054.0,29,82,1316.3799999999999,1
15237.0,2,97,1388.5300000000002,1
12372.0,72,49,1196.04,1
15704.0,141,117,2293.62,1
16947.0,236,21,406.48,0
17631.0,2,36,499.98,2
17051.0,195,42,240.89000000000001,0
16009.0,23,82,972.1099999999999,1
17405.0,2,81,1014.4600000000002,1
14508.0,23,55,268.05,2
14698.0,2,198,1214.23,1
13591.0,65,58,1117.13,1
18104.0,38,38,754.6400000000001,2
17385.0,15,44,253.23000000000002,2
14628.0,92,23,655.01,2
12448.0,45,19,295.89,2
12370.0,52,163,3300.98,1
13531.0,206,22,483.8,0
12963.0,9,95,1856.63,1
12731.0,24,264,17163.449999999997,1
15395.0,326,7,107.45,0
14514.0,62,69,990.1999999999999,1
15518.0,65,210,1921.55,1
13396.0,30,42,1335.9900000000002,1
13654.0,44,157,2573.6700000000005,1
13373.0,61,156,3306.49,1
16777.0,81,48,222.62,2
18226.0,45,238,5200.69,1
17582.0,237,29,175.26999999999998,0
16466.0,34,145,1579.01,1
13643.0,32,28,519.44,2
14517.0,34,18,330.45000000000005,2
15232.0,114,31,612.0600000000001,2
16229.0,88,47,1010.6,2
13389.0,12,50,782.96,2
17739.0,12,47,2791.3500000000004,1
12491.0,39,25,424.40000000000003,2
12762.0,8,67,1702.52,1
17889.0,213,20,201.37,0
12483.0,18,67,1901.8600000000001,1
14646.0,3,1571,158949.56000000003,1
17673.0,2,217,1580.5700000000002,1
13668.0,3,459,6055.759999999999,1
16045.0,120,83,1340.6999999999998,1
14013.0,111,32,467.26000000000005,2
14662.0,29,157,741.37,1
15260.0,101,76,1794.8200000000002,1
13131.0,24,44,1073.3,1
15004.0,148,152,1185.99,1
13116.0,139,29,469.24000000000007,2
15271.0,8,261,2435.49,1
16174.0,127,21,551.95,2
17351.0,37,26,586.2,2
13186.0,40,76,1560.2700000000002,1
12688.0,114,159,4527.87,1
13279.0,79,9,137.75,2
13350.0,17,37,829.17,2
14547.0,4,347,3836.8199999999997,1
13177.0,65,17,282.45,2
15335.0,54,35,170.21999999999997,2
15330.0,33,9,294.48,2
14174.0,34,26,134.46,2
17772.0,11,50,173.45000000000002,2
16554.0,43,52,837.1,2
16149.0,5,17,271.4,2
14051.0,1,209,15595.390000000001,1
15646.0,158,34,444.76000000000005,2
17341.0,157,157,682.2900000000001,1
14309.0,9,108,2189.57,1
17540.0,25,25,578.9,2
17504.0,207,126,2963.1300000000006,1
14036.0,285,38,626.65,0
12909.0,40,84,1682.6000000000001,1
16218.0,30,84,3084.68,1
15192.0,120,50,1040.96,1
18232.0,82,37,592.97,2
17229.0,97,47,318.76,2
13928.0,11,27,464.57,2
14923.0,51,44,749.0999999999999,2
12658.0,19,35,632.0500000000001,2
12784.0,16,56,476.82,2
13721.0,37,28,524.14,2
17671.0,16,51,1336.1499999999999,1
13611.0,90,72,1154.3999999999999,1
13148.0,30,305,3572.7999999999997,1
17738.0,20,94,1823.6400000000003,1
12474.0,18,396,6567.740000000002,1
14570.0,281,29,218.06000000000003,0
13862.0,19,139,2209.3600000000006,1
13561.0,216,14,141.85999999999999,0
16098.0,88,65,1762.2299999999998,1
16293.0,22,114,2179.49,1
16091.0,155,18,315.06,2
15342.0,130,24,406.09,2
13375.0,89,37,778.65,2
12523.0,20,100,1657.8200000000002,1
15414.0,10,37,757.02,2
13584.0,307,24,142.4,0
16006.0,212,8,101.40000000000002,0
13887.0,205,19,349.55,0
17038.0,31,22,112.39999999999999,2
13170.0,27,29,101.96999999999998,2
14449.0,19,241,874.78,1
14396.0,66,73,487.99000000000007,2
16011.0,9,210,3352.96,1
13875.0,54,104,1786.79,1
16407.0,13,168,2079.68,1
16670.0,17,250,4089.1800000000003,1
17719.0,38,269,5359.57,1
12397.0,36,120,2096.25,1
14383.0,39,57,1239.13,1
12438.0,15,95,2463.9700000000003,1
14420.0,100,29,387.52000000000004,2
17481.0,4,80,1219.1100000000001,1
14652.0,78,29,114.18,2
15272.0,58,63,721.9399999999999,2
15458.0,26,7,161.64,2
16720.0,27,25,152.95000000000002,2
16086.0,60,39,1121.39,2
13092.0,71,23,469.51000000000005,2
14056.0,2,1087,8151.950000000002,1
12633.0,59,96,1717.9800000000002,1
12524.0,10,123,3577.28,1
17048.0,118,42,885.4,2
18170.0,34,38,980.31,2
17521.0,30,45,723.21,2
15537.0,164,23,93.97,0
16278.0,101,22,346.38000000000005,2
13670.0,76,25,349.7,2
16533.0,20,176,1082.8100000000002,1
17509.0,58,364,6083.64,1
14218.0,43,11,164.92000000000002,2
15870.0,33,74,351.44,2
17852.0,12,24,114.33999999999999,2
15101.0,9,8,317.53000000000003,2
15115.0,19,20,306.81000000000006,2
12816.0,96,25,395.3,2
16567.0,195,33,704.56,0
16796.0,90,18,305.62,2
12544.0,37,18,316.70000000000005,2
12738.0,373,10,137.35,0
12837.0,174,11,117.15,0
14733.0,17,202,9585.909999999998,1
17220.0,25,466,3153.65,1
16919.0,157,325,2590.73,1
15456.0,284,56,402.07000000000005,0
13487.0,58,34,575.4,2
16266.0,74,61,861.89,1
12689.0,26,70,1139.61,1
14333.0,68,15,415.2,2
13924.0,2,110,1772.67,1
16179.0,61,11,215.83,2
16120.0,60,30,1309.1399999999999,2
17653.0,39,37,653.1200000000001,2
18123.0,25,33,567.6,2
15904.0,9,29,144.73000000000002,2
15454.0,363,25,179.1,0
14236.0,81,15,490.86,2
13978.0,15,13,186.47,2
16233.0,72,22,536.6800000000001,2
16849.0,187,8,124.57,0
14573.0,180,222,1585.0099999999995,1
14534.0,3,500,4316.42,1
15046.0,10,194,4331.4400000000005,1
16315.0,331,13,209.41999999999996,0
17656.0,74,76,1622.1299999999999,1
16092.0,115,51,817.8600000000001,2
12719.0,6,37,572.95,2
17190.0,59,18,249.73999999999998,2
16513.0,5,35,874.59,2
15661.0,318,5,309.8,0
14421.0,58,27,813.1099999999999,2
14241.0,184,10,213.70000000000002,0
14400.0,150,25,574.7,2
12546.0,47,66,1009.98,1
15513.0,34,302,13948.480000000001,1
15298.0,3,189,3793.9000000000005,1
13488.0,18,417,8826.16,1
18245.0,8,174,2562.5,1
18106.0,330,37,421.90000000000003,0
13709.0,4,333,6232.65,1
13865.0,59,30,501.55999999999995,2
15897.0,195,21,98.09000000000002,0
15365.0,26,114,2314.32,1
18110.0,20,36,197.85000000000002,2
14344.0,128,70,849.98,1
14536.0,260,18,170.95,0
17964.0,32,97,446.26,2
17059.0,30,514,3080.39,1
17404.0,5,90,10600.060000000001,1
15065.0,38,148,2752.5299999999997,1
17139.0,16,471,10260.07,1
14276.0,99,64,1119.74,1
17289.0,32,104,931.02,1
13850.0,130,93,1595.48,1
14290.0,12,100,2274.7000000000003,1
16650.0,72,24,518.42,2
17354.0,51,15,1378.8100000000002,2
16204.0,24,50,384.18000000000006,2
17402.0,5,58,2598.8499999999995,1
15266.0,339,6,119.29999999999998,0
16272.0,117,25,411.70000000000005,2
16616.0,16,32,420.52,2
16951.0,135,85,1229.9,1
17516.0,16,133,724.98,1
15321.0,71,95,2748.31,1
15651.0,37,32,646.3000000000001,2
16475.0,144,27,459.3,2
17601.0,240,9,116.00999999999999,0
12695.0,8,26,577.54,2
13381.0,32,172,3639.31,1
16474.0,8,330,1805.92,1
13291.0,156,41,360.03000000000003,2
14389.0,66,45,1043.46,1
16260.0,51,18,1035.4499999999998,2
12824.0,60,25,397.12,2
13352.0,61,23,347.97999999999996,2
14494.0,26,7,139.56,2
12479.0,12,29,468.64,2
14966.0,15,36,183.01999999999998,2
12560.0,6,102,1901.06,1
13044.0,292,33,560.47,0
16639.0,32,50,1257.5100000000002,1
18270.0,39,11,283.15,2
13889.0,93,15,416.9,2
13047.0,32,172,3237.5400000000004,1
17198.0,24,96,692.22,1
15512.0,156,7,120.99999999999999,0
13280.0,123,82,798.46,1
15649.0,337,2,816.0,0
12626.0,24,285,5954.48,1
17255.0,41,74,291.48,2
15218.0,11,160,4708.889999999999,1
13159.0,9,120,1429.3500000000001,1
13513.0,127,10,205.10000000000002,2
13774.0,82,22,345.0,2
16887.0,36,35,190.05,2
14528.0,38,18,364.21999999999997,2
12622.0,233,10,162.1,0
15110.0,24,32,756.4000000000001,2
18138.0,296,8,152.65,0
13758.0,12,114,3079.82,1
13295.0,360,10,201.2,0
16081.0,57,223,2799.42,1
13173.0,5,43,353.65,2
18168.0,177,130,1160.0400000000002,1
15856.0,5,621,15277.569999999998,1
13520.0,59,87,2984.35,1
17324.0,18,48,961.4800000000002,1
13509.0,9,43,964.72,2
13632.0,25,145,2118.9300000000003,1
16628.0,30,117,2188.05,1
18165.0,178,9,297.9000000000001,0
12444.0,22,162,3647.61,1
17554.0,2,83,1745.13,1
13213.0,57,82,1408.5200000000002,1
13823.0,19,40,957.6599999999999,2
17614.0,58,97,385.37,2
17344.0,47,31,157.62,2
14829.0,30,42,697.55,2
14950.0,20,19,371.20000000000005,2
13495.0,8,48,2044.87,1
15199.0,60,13,1268.7,2
16855.0,24,19,328.40000000000003,2
16909.0,73,17,301.38,2
18011.0,374,27,100.12999999999998,0
14741.0,12,58,1306.7400000000002,1
12712.0,29,119,3903.13,1
14367.0,9,521,9227.819999999998,1
13743.0,3,38,1202.3999999999999,1
12840.0,144,113,2726.7699999999995,1
14446.0,1,271,995.9800000000001,1
15737.0,15,69,1156.1699999999998,1
15874.0,64,111,3673.9300000000007,1
14456.0,6,935,2970.7399999999993,1
15850.0,20,91,227.85000000000002,2
12492.0,64,18,227.20999999999998,2
15429.0,27,82,397.34999999999997,2
14477.0,20,10,1309.6,2
16921.0,62,52,148.19,2
17917.0,46,89,315.68,2
15678.0,53,12,352.7,2
15027.0,31,35,1066.15,2
14395.0,3,348,3479.91,1
17530.0,2,387,2290.2699999999995,1
13764.0,71,203,1513.2299999999998,1
14078.0,102,65,1049.37,1
14497.0,310,29,475.36999999999995,0
13439.0,256,54,283.71,0
13196.0,12,108,1723.93,1
15437.0,263,45,200.16,0
16348.0,33,213,1241.59,1
17302.0,15,79,1135.63,1
15225.0,235,23,409.4,0
13229.0,226,10,160.95,0
15265.0,152,81,1489.1699999999998,1
12528.0,10,85,1628.5299999999997,1
17314.0,25,130,2472.2400000000002,1
14537.0,58,10,355.56,2
17489.0,59,29,376.64000000000004,2
16292.0,122,17,302.25,2
15406.0,32,52,501.59000000000003,2
15527.0,19,162,2428.5299999999997,1
18155.0,76,25,371.62,2
17560.0,95,26,854.95,2
17015.0,29,214,1838.61,1
15840.0,59,26,348.71999999999997,2
15948.0,9,60,955.2400000000001,1
17510.0,25,20,308.48,2
12817.0,282,3,126.03999999999999,0
13420.0,150,8,159.85000000000002,0
16186.0,23,218,4006.9400000000005,1
12681.0,15,613,12347.779999999999,1
16013.0,4,108,17660.62,1
17594.0,86,50,993.18,1
17800.0,38,103,1187.2100000000003,1
16216.0,268,35,727.98,0
14423.0,219,3,265.2,0
12901.0,11,89,3568.92,1
12589.0,29,33,574.6800000000001,2
13064.0,13,67,1085.64,1
15186.0,15,19,411.41,2
12828.0,3,55,1001.76,1
14778.0,128,35,730.8599999999999,2
15492.0,29,35,659.4599999999999,2
12694.0,71,34,757.11,2
14158.0,41,38,466.62,2
14984.0,20,38,201.42000000000002,2
17010.0,19,11,195.35999999999999,2
15222.0,319,5,585.0,0
13672.0,302,6,186.39000000000001,0
14645.0,157,25,544.54,2
18185.0,250,17,304.25,0
15714.0,12,34,330.03,2
17841.0,2,7584,38633.36999999994,1
13680.0,2,194,3719.120000000001,1
12841.0,5,408,3897.7099999999996,1
15356.0,32,499,2718.0299999999993,1
15005.0,16,1106,6248.21,1
15246.0,239,33,514.15,0
17515.0,32,87,639.0200000000001,1
12778.0,20,44,693.2299999999999,2
15579.0,69,48,327.59999999999997,2
14850.0,312,21,325.75000000000006,0
13018.0,17,455,7230.719999999999,1
12582.0,239,20,351.36000000000007,0
13740.0,241,23,350.75,0
16232.0,44,36,986.3199999999998,2
13636.0,37,59,918.1899999999999,1
14512.0,188,21,225.38,0
15852.0,187,22,160.71,0
13748.0,96,28,948.2499999999999,2
17736.0,10,24,337.49,2
14824.0,11,29,1127.71,2
13372.0,90,22,328.64,2
14598.0,45,50,221.97,2
16071.0,45,21,326.23999999999995,2
16680.0,44,10,183.70000000000002,2
15153.0,32,21,312.29999999999995,2
16070.0,23,32,849.27,2
16084.0,300,38,436.17999999999995,0
14001.0,46,39,2043.08,1
15793.0,15,11,948.96,2
16016.0,4,223,1431.6100000000004,1
17551.0,360,39,290.34,0
13233.0,75,40,582.3199999999999,2
14727.0,275,7,116.03,0
14155.0,267,6,118.75000000000001,0
14149.0,221,28,446.62,0
15251.0,10,101,9152.19,1
13544.0,40,78,276.06,2
13450.0,27,70,1940.04,1
16448.0,199,19,182.99,0
13750.0,54,24,1647.26,2
17984.0,146,48,152.68000000000004,2
14188.0,31,65,2054.3599999999997,1
13801.0,67,23,324.8,2
14540.0,10,71,952.66,1
16295.0,10,79,1328.55,1
15531.0,9,216,1960.0400000000002,1
16318.0,36,19,328.1500000000001,2
14597.0,12,47,866.2399999999999,2
12468.0,188,36,657.5400000000001,0
15783.0,11,13,228.06,2
16561.0,6,31,511.12,2
18277.0,59,8,110.38,2
17708.0,188,34,263.33000000000004,0
12830.0,92,10,1961.12,2
12667.0,59,31,455.57,2
15355.0,30,14,277.05000000000007,2
15843.0,304,8,118.95000000000002,0
15669.0,41,32,681.4599999999999,2
17805.0,74,9,327.99,2
16610.0,220,6,75.65999999999998,0
18282.0,8,12,178.05,2
16773.0,58,26,171.59,2
13083.0,5,17,286.8,2
16620.0,4,9,178.95999999999998,2
13403.0,18,3,75.0,2
12587.0,8,3,104.0,2
16281.0,73,15,1756.7800000000002,2
16105.0,249,13,336.96000000000004,0
15261.0,136,17,245.7,2
15463.0,30,6,119.3,2
14386.0,297,7,142.4,0
15703.0,265,5,211.5,0
15691.0,253,2,136.8,0
16433.0,29,17,184.26000000000002,2
17123.0,162,9,345.3,0
12873.0,283,4,374.0,0
13247.0,18,25,501.11999999999995,2
15216.0,88,2,96.6,2
14434.0,22,12,1372.7999999999997,2
16917.0,277,9,391.52,0
16427.0,264,9,241.06,0
14501.0,184,10,251.20999999999998,0
16751.0,31,22,515.52,2
15766.0,65,11,315.06,2
13262.0,264,11,200.29,0
14288.0,214,16,426.59999999999997,0
17600.0,18,11,142.52,2
12618.0,22,10,137.31,2
14894.0,86,23,655.75,2
14601.0,11,7,213.96000000000004,2
15970.0,304,11,314.1,0
18274.0,31,11,175.92,2
15899.0,369,4,56.25,0
13153.0,6,15,486.22,2
15174.0,323,11,135.75,0
17639.0,277,7,108.5,0
12571.0,40,33,512.7700000000001,2
16989.0,8,7,503.25,2
13079.0,5,6,220.10000000000002,2
17616.0,174,2,244.79999999999998,0
14542.0,186,5,103.25,0
14090.0,325,1,76.32000000000001,0
17941.0,131,1,139.2,0
12902.0,265,8,104.78,0
18276.0,44,14,335.86,2
15797.0,305,4,1228.8,0
17206.0,54,7,204.24,2
12593.0,109,20,382.09999999999997,2
14792.0,64,2,6.2,2
16641.0,106,12,231.10000000000002,2
14929.0,33,11,223.88000000000002,2
18064.0,134,7,814.0,2
17707.0,186,5,152.4,0
13182.0,46,11,121.17999999999999,2
14924.0,246,9,185.05,0
15007.0,160,12,156.91,0
16866.0,141,11,207.74,2
17334.0,303,11,307.02000000000004,0
17534.0,54,9,223.35999999999999,2
16287.0,170,7,125.22,0
17670.0,228,11,205.7,0
16363.0,54,5,109.36000000000001,2
13832.0,20,3,52.199999999999996,2
18262.0,141,11,143.72,0
15744.0,78,3,34.8,2
17947.0,38,9,176.68,2
13579.0,15,23,467.04,2
16988.0,6,7,126.12,2
17388.0,78,11,151.18,2
17496.0,359,9,251.10000000000002,0
13690.0,60,9,172.25,2
13587.0,64,7,413.0,2
16765.0,295,1,34.0,0
14699.0,215,8,109.13000000000001,0
14946.0,15,3,100.9,2
18209.0,29,8,139.1,2
15168.0,26,5,106.56,2
13805.0,53,5,542.48,2
14055.0,107,10,725.6400000000001,2
15604.0,53,17,216.39,2
17359.0,12,15,127.86000000000001,2
13689.0,64,6,910.0,2
14789.0,29,6,197.64000000000001,2
16927.0,277,4,139.85,0
17148.0,52,9,124.88,2
17007.0,51,51,872.9799999999999,2
17291.0,309,1,550.8000000000001,0
15171.0,332,5,1289.5,0
16835.0,129,10,180.85,2
13404.0,2,11,252.49,2
15917.0,248,12,123.1,0
17414.0,185,3,28.0,0
12611.0,53,64,1049.32,1
14098.0,37,21,147.35,2
17761.0,33,19,712.7800000000001,2
15653.0,116,4,48.0,0
16337.0,37,10,151.05,2
16884.0,38,26,429.84000000000003,2
17788.0,74,5,1117.9,2
12821.0,215,6,92.72,0
16542.0,54,5,119.62,2
14054.0,66,6,92.46000000000001,2
13434.0,75,10,534.24,2
16861.0,60,6,173.76,2
12430.0,44,10,216.4,2
13497.0,283,19,348.05,0
14212.0,90,6,678.8000000000001,2
12659.0,30,4,73.68,2
16566.0,16,18,614.6600000000001,2
14578.0,4,22,160.26999999999998,2
13618.0,174,11,163.66000000000003,0
15923.0,373,21,127.08,0
12373.0,312,13,324.6,0
16182.0,73,14,1538.65,2
16851.0,5,20,342.45,2
15663.0,107,9,138.14,2
13249.0,93,20,405.56,2
14327.0,164,12,311.65000000000003,0
15758.0,25,9,205.25,2
12650.0,4,19,242.44000000000003,2
13718.0,247,11,296.54999999999995,0
16696.0,136,10,657.9000000000001,2
15607.0,337,6,77.4,0
18032.0,335,5,73.5,0
18147.0,46,7,179.33999999999997,2
15597.0,36,21,320.01,2
17831.0,34,2,35.400000000000006,2
17011.0,31,15,270.9,2
14981.0,247,8,102.12,0
16816.0,104,27,412.4999999999999,2
15565.0,51,8,173.16,2
13390.0,75,13,544.08,2
15557.0,29,19,468.9100000000001,2
14890.0,254,7,125.65,0
17857.0,110,8,761.0600000000001,2
17987.0,186,12,196.89,0
14045.0,110,4,1090.8,2
15063.0,214,4,115.6,0
12531.0,15,16,95.26999999999998,2
16424.0,192,5,133.56,0
14987.0,16,4,326.4,2
14066.0,267,7,152.55,0
18024.0,153,21,389.78,2
15692.0,29,12,191.04000000000002,2
16034.0,197,22,437.7,0
12538.0,30,21,363.95000000000005,2
13751.0,289,9,296.25,0
13844.0,12,20,361.62,2
17118.0,318,10,157.02,0
16109.0,219,15,542.28,0
16582.0,114,6,313.62,2
17212.0,254,4,226.85,0
17078.0,37,22,341.71,2
15863.0,26,18,68.83999999999999,2
14836.0,11,6,102.45,2
13395.0,186,18,265.26,0
17394.0,220,3,48.349999999999994,0
15497.0,18,13,936.5999999999999,2
15825.0,173,16,273.82,0
14624.0,58,13,225.85,2
13436.0,2,11,179.94,2
15724.0,202,11,218.25000000000003,0
16342.0,76,14,286.46,2
16597.0,5,6,69.52000000000001,2
14581.0,17,16,131.76,2
14881.0,20,15,244.0,2
16698.0,254,2,510.0,0
12403.0,50,4,391.70000000000005,2
18019.0,52,5,38.45,2
16387.0,323,4,94.36,0
15279.0,355,18,270.56,0
15204.0,358,9,316.58,0
13666.0,61,12,84.65,2
12574.0,316,10,182.45000000000002,0
15732.0,213,14,294.12,0
12987.0,74,27,508.75,2
16611.0,187,10,129.49,0
14150.0,36,24,649.52,2
17640.0,87,5,621.66,2
13817.0,30,22,328.98,2
13002.0,319,7,120.94999999999999,0
18278.0,74,9,173.89999999999998,2
14853.0,25,9,475.79999999999995,2
16846.0,51,11,214.32000000000002,2
17153.0,25,14,213.78,2
14693.0,265,8,172.9,0
14143.0,134,7,115.8,0
15423.0,39,2,43.5,2
18211.0,26,40,595.51,2
12522.0,40,9,152.72,2
16708.0,46,26,622.73,2
16679.0,367,3,129.75,0
15363.0,373,16,326.00000000000006,0
14340.0,219,6,134.7,0
14661.0,27,4,107.95000000000002,2
12445.0,23,3,77.4,2
14271.0,226,10,112.32000000000001,0
18074.0,374,13,489.6,0
15130.0,170,22,330.11,0
14641.0,22,7,110.45999999999998,2
16405.0,303,4,74.85000000000001,0
15473.0,15,11,1771.2,2
17526.0,5,19,1195.8999999999999,2
15699.0,18,17,279.70000000000005,2
13551.0,320,4,91.80000000000001,0
14882.0,27,11,589.7,2
15119.0,246,12,192.55,0
15193.0,61,19,499.31999999999994,2
17985.0,23,21,631.35,2
16104.0,62,27,247.36,2
15236.0,299,15,321.05,0
13130.0,95,2,64.0,2
14804.0,9,12,353.27,2
16671.0,36,3,418.35,2
14427.0,51,17,363.34000000000003,2
17172.0,79,15,317.76,2
13992.0,31,5,76.8,2
12558.0,8,11,269.96000000000004,2
12509.0,285,6,158.5,0
16207.0,26,18,344.38,2
15740.0,50,9,154.88,2
13986.0,18,12,239.82,2
17901.0,30,18,93.43,2
13651.0,40,5,79.19999999999999,2
12601.0,190,22,447.11,0
12818.0,262,9,387.2,0
17859.0,305,23,141.92000000000002,0
18269.0,367,7,168.6,0
15345.0,46,19,373.59000000000003,2
13449.0,24,19,291.88,2
13557.0,29,34,584.06,2
17122.0,120,7,138.32,2
18030.0,5,8,155.8,2
12829.0,337,6,98.1,0
17718.0,233,6,139.35,0
17866.0,143,9,329.65000000000003,2
15010.0,36,20,308.94,2
15992.0,4,3,41.989999999999995,2
15447.0,331,9,155.17000000000002,0
16752.0,373,7,110.60000000000001,0
13223.0,201,5,163.20000000000002,0
16190.0,41,5,125.23000000000002,2
12353.0,205,4,89.0,0
14967.0,50,6,463.79999999999995,2
17044.0,26,5,739.6800000000001,2
16319.0,218,3,404.40000000000003,0
15944.0,277,6,325.09999999999997,0
13897.0,51,17,311.16,2
17995.0,282,1,23.6,0
13349.0,11,15,197.32,2
16617.0,236,5,151.85000000000002,0
14300.0,19,3,43.2,2
14355.0,366,11,174.39999999999998,0
15432.0,24,10,171.19000000000003,2
15393.0,17,12,231.86,2
12504.0,19,8,428.04999999999995,2
12602.0,59,12,153.11999999999998,2
14902.0,26,20,332.65999999999997,2
13932.0,295,16,307.4,0
12897.0,205,4,216.5,0
18169.0,61,9,202.65000000000003,2
16162.0,253,2,37.4,0
15775.0,246,7,104.9,0
13070.0,193,9,228.8,0
17060.0,267,4,81.60000000000001,0
15428.0,16,6,93.78,2
17923.0,283,1,207.50000000000003,0
17166.0,39,12,206.33999999999997,2
15705.0,202,6,143.1,0
16581.0,183,8,101.28,0
17650.0,22,8,166.07999999999998,2
13298.0,2,2,360.0,2
15739.0,67,7,343.52,2
12823.0,75,5,1759.5,2
14339.0,243,14,309.52,0
15206.0,11,9,420.3,2
14642.0,59,2,96.12,2
12547.0,198,6,151.79999999999998,0
14682.0,188,2,52.0,0
16055.0,221,6,93.9,0
15361.0,362,6,215.4,0
16878.0,85,3,13.3,2
15374.0,129,3,168.0,0
13307.0,121,1,15.0,0
15286.0,50,3,240.55,2
16276.0,177,5,277.8,0
17986.0,57,1,20.8,2
12884.0,89,6,139.05,2
15937.0,65,7,145.35,2
12756.0,87,4,112.08,2
17929.0,12,5,843.0,2
17844.0,107,5,51.56,2
16171.0,60,3,73.2,2
15619.0,11,3,336.40000000000003,2
14523.0,109,12,241.09,2
13106.0,134,1,76.5,0
17102.0,262,1,25.5,0
14406.0,120,8,156.75,2
13217.0,123,4,533.98,2
12917.0,129,2,594.0,2
16227.0,226,6,314.21999999999997,0
18017.0,82,3,523.0,2
17714.0,321,10,153.0,0
13133.0,274,7,109.8,0
14326.0,243,8,183.85000000000002,0
13967.0,146,2,80.7,0
17026.0,186,4,154.82999999999998,0
13218.0,128,5,62.64,0
12977.0,157,8,19.240000000000002,0
14457.0,311,4,113.64,0
16557.0,25,11,281.85,2
16832.0,185,11,182.2,0
18042.0,54,7,165.04999999999998,2
14345.0,39,6,108.97999999999999,2
16569.0,4,5,124.2,2
14114.0,274,12,284.83,0
16506.0,20,3,90.30000000000001,2
13645.0,121,5,252.1,2
18066.0,76,10,318.0,2
16692.0,290,1,8.5,0
17174.0,218,4,59.9,0
12864.0,139,2,27.599999999999998,0
13947.0,66,5,90.6,2
17163.0,22,5,293.1,2
13277.0,16,8,258.4,2
14785.0,11,3,77.4,2
16856.0,15,2,35.400000000000006,2
17330.0,23,6,363.90000000000003,2
14463.0,99,5,514.62,2
17978.0,366,11,145.4,0
16828.0,113,7,113.5,2
15612.0,37,5,180.15,2
16027.0,138,9,215.22,2
16050.0,174,7,119.54,0
17268.0,151,2,35.0,0
16457.0,219,9,208.36,0
17536.0,178,3,76.5,0
14027.0,61,6,104.82,2
18249.0,18,6,81.66,2
16784.0,20,3,107.6,2
16565.0,365,3,173.7,0
14520.0,2,4,270.6,2
15316.0,327,1,165.0,0
14373.0,359,3,51.599999999999994,0
12548.0,167,4,67.19999999999999,0
15043.0,32,3,537.0,2
13682.0,188,3,59.5,0
16097.0,241,10,185.05,0
15221.0,367,3,264.6,0
12891.0,293,1,42.0,0
13364.0,72,10,134.96,2
15657.0,23,1,30.0,2
17763.0,264,1,15.0,0
16468.0,75,2,74.9,2
14148.0,234,3,157.2,0
17513.0,73,6,513.2,2
14632.0,263,8,114.55999999999999,0
12497.0,82,8,690.6,2
12814.0,102,1,85.92,2
14935.0,298,9,1520.16,0
13841.0,253,1,85.0,0
16789.0,9,5,80.8,2
18224.0,264,10,158.95,0
12686.0,372,6,71.13999999999999,0
14185.0,332,2,32.65,0
15226.0,311,8,154.40999999999997,0
15368.0,22,3,167.70000000000002,2
12855.0,373,3,38.1,0
12734.0,353,4,110.4,0
13228.0,82,2,358.0,2
13216.0,268,5,333.74,0
14500.0,89,7,356.85,2
16144.0,247,1,175.2,0
16078.0,284,1,79.2,0
14821.0,367,2,48.800000000000004,0
16323.0,197,1,207.50000000000003,0
14109.0,73,9,144.2,2
12736.0,333,3,144.0,0
17628.0,82,5,75.75,2
18184.0,16,1,49.8,2
13147.0,11,4,712.8,2
12603.0,22,1,613.1999999999999,2
13017.0,8,1,204.0,2
13848.0,298,2,135.0,0
13006.0,57,3,77.00999999999999,2
15562.0,352,1,134.55,0
15488.0,93,1,76.32000000000001,2
16073.0,298,1,122.39999999999999,0
14124.0,85,2,118.08,2
16976.0,268,2,251.51999999999998,0
16738.0,298,1,3.75,0
13703.0,319,1,99.5,0
14616.0,243,3,406.08,0
13525.0,15,4,164.78,2
17382.0,66,1,50.400000000000006,2
16986.0,31,2,83.2,2
14705.0,199,1,179.0,0
14752.0,44,4,180.84,2
18058.0,10,3,170.16,2
17024.0,46,3,95.85,2
18251.0,88,1,306.0,2
17942.0,8,2,77.50000000000001,2
17468.0,11,5,137.0,2
13877.0,87,3,117.24000000000001,2
16545.0,165,3,339.3,0
18174.0,8,1,104.0,2
14887.0,80,1,72.0,2
16148.0,297,1,76.32000000000001,0
15442.0,249,2,594.0,0
17391.0,164,1,101.76,0
17331.0,124,1,175.2,0
18268.0,135,1,25.5,0
16716.0,267,2,901.2,0
14764.0,47,6,278.3,2
13011.0,373,3,50.550000000000004,0
15070.0,373,1,106.2,0
12665.0,325,2,45.0,0
15940.0,312,1,35.8,0
14199.0,219,2,185.39999999999998,0
16659.0,190,2,39.12,0
13302.0,156,1,63.75,0
17747.0,113,1,71.4,0
17500.0,30,2,33.0,2
17925.0,373,1,244.08,0
15299.0,68,2,1169.85,2
15313.0,111,1,52.0,0
14576.0,373,1,35.400000000000006,0
16377.0,268,3,106.2,0
16093.0,107,1,17.0,0
13194.0,136,3,60.7,0
17548.0,234,5,103.3,0
15668.0,218,1,76.32000000000001,0
16953.0,31,1,20.8,2
12791.0,374,1,177.60000000000002,0
14351.0,165,1,51.0,0
13120.0,239,1,30.599999999999998,0
16446.0,206,2,2.9,0
17956.0,250,1,12.75,0
13747.0,374,1,79.6,0
15269.0,24,1,118.80000000000001,2
12798.0,171,1,69.12,0
14424.0,18,1,322.08,2
